Workbook

Sheet Relatório Indicadores 21
E10: Indicador | F10: Jan | G10: Fev | H10: Mar | I10: Abr | J10: Mai | K10: Jun | L10: Jul | M10: Ago | N10: Set | O10: Out | P10: Nov | Q10: Dez
E11: Base Vidas | F11: 57600 | G11: 57436 | H11: 61323 | I11: 62869 | J11: 64535 | K11: 65797 | L11: 68499 | M11: 70242 | N11: 70298 | O11: 69787 | P11: 68757 | Q11: 68911
E12: Base Dental | F12: 521 | G12: 526 | H12: 537 | I12: 548 | J12: 555 | K12: 566 | L12: 802 | M12: 1181 | N12: 1330 | O12: 1333 | P12: 1365 | Q12: 1461
E13: Base Saúde | F13: 57079 | G13: 56910 | H13: 60786 | I13: 62321 | J13: 63980 | K13: 65231 | L13: 67697 | M13: 69061 | N13: 68968 | O13: 68454 | P13: 67392 | Q13: 67450
E14: Vidas canceladas | F14: 2348 | G14: 2792 | H14: 2503 | I14: 2244 | J14: 2266 | K14: 2508 | L14: 3026 | M14: 3304 | N14: 3960 | O14: 5014 | P14: 4112 | Q14: 4024
E15: Retenção | F15: 276 | G15: 367 | H15: 226 | I15: 176 | J15: 195 | K15: 284 | L15: 558 | M15: 387 | N15: 735 | O15: 844 | P15: 748 | Q15: 946
E16: % cancelamento | F16: 0.041545757 | G16: 0.048472222 | H16: 0.04357894 | I16: 0.036593122 | J16: 0.036043201 | K16: 0.038862633 | L16: 0.045989939 | M16: 0.048234281 | N16: 0.056376527 | O16: 0.071324931 | P16: 0.058922149 | Q16: 0.05852495
E17: Cancel. por Inadimplência | F17: 637 | G17: 887 | H17: 822 | I17: 786 | J17: 942 | K17: 887 | L17: 709 | M17: 808 | N17: 998 | O17: 1323 | P17: 1356 | Q17: 1504
E18: Cancel. solicitação cliente | F18: 1399 | G18: 1628 | H18: 1243 | I18: 1106 | J18: 1073 | K18: 1246 | L18: 1791 | M18: 1817 | N18: 1508 | O18: 2393 | P18: 2280 | Q18: 1771
E19: Cancel. Solicitado OPS | F19: 218 | G19: 139 | H19: 114 | I19: 191 | J19: 173 | K19: 227 | L19: 392 | M19: 533 | N19: 1350 | O19: 1164 | P19: 324 | Q19: 612
E20: Exclusão de dependente (A partir de Maio) | F20: - | G20: - | H20: - | I20: - | J20: 31 | K20: 34 | L20: 26 | M20: 19 | N20: 19 | O20: 17 | P20: 29 | Q20: 34
E21: Falecimento (A partir de Maio) | F21: - | G21: - | H21: - | I21: - | J21: 13 | K21: 7 | L21: 10 | M21: 7 | N21: 2 | O21: 6 | P21: 12 | Q21: 8
E22: Outros (A partir de Maio) | F22: 94 | G22: 138 | H22: 324 | I22: 161 | J22: 34 | K22: 107 | L22: 98 | M22: 120 | N22: 83 | O22: 111 | P22: 111 | Q22: 95
E23: Faturamento Emitido | F23: 38042748 | G23: 38099984 | H23: 39967218 | I23: 41023639 | J23: 41689102 | K23: 43041830 | L23: 46311488 | M23: 47292638 | N23: 46814585 | O23: 46397911 | P23: 46395074 | Q23: 46006217
E24: Faturamento Recebido | F24: 37560161 | G24: 37663473 | H24: 39483456 | I24: 40571025 | J24: 41255548 | K24: 40195160 | L24: 42794550 | M24: 43880353 | N24: 43324679 | O24: 41593979 | P24: 42411622 | Q24: 40802541
E25: Inadimplência | F25: 0.01268539 | G25: 0.011456985 | H25: 0.012103964 | I25: 0.011032995 | J25: 0.010399676 | K25: 0.066137301 | L25: 0.075940926 | M25: 0.072152569 | N25: 0.074547413 | O25: 0.1035377 | P25: 0.085859381 | Q25: 0.1131081
E26: Vendas | F26: 1720 | G26: 3116 | H26: 5720 | I26: 4355 | J26: 3364 | K26: 3679 | L26: 5677 | M26: 5119 | N26: 4060 | O26: 4792 | P26: 4272 | Q26: 3319
E27: Ticket médio | F27: 660.46437 | G27: 663.34675 | H27: 651.74922 | I27: 652.52571 | J27: 645.99212 | K27: 654.16099 | L27: 676.08998 | M27: 673.28148 | N27: 665.94476 | O27: 664.85035 | P27: 674.76874 | Q27: 667.6179
E28: Comissão Concessionárias | F28: 791138.97 | G28: 785044.32 | H28: 891683.76 | I28: 1562071.5 | J28: 1357926 | K28: 1136660.3 | L28: 1270749.4 | M28: 1474927.1 | N28: 1414873.8 | O28: 1174586.3 | P28: 1294079.8 | Q28: 1563510.4
E29: Bonificação Corretores/supervisores | F29: 492989.45 | G29: 716100.76 | H29: 1359268 | I29: 1970200 | J29: 2021250 | K29: 1300590 | L29: 1527848.9 | M29: 1736614.7 | N29: 1507306.5 | O29: 1213192.4 | P29: 1429715.3 | Q29: 1672830
E31: Indicador | F31: Jan | G31: Fev | H31: Mar | I31: Abr | J31: Mai | K31: Jun | L31: Jul | M31: Ago | N31: Set | O31: Out | P31: Nov | Q31: Dez
E32: Base Vidas | F32: 5699 | G32: 5557 | H32: 5452 | I32: 5478 | J32: 5555 | K32: 5561 | L32: 8368 | M32: 9844 | N32: 10312 | O32: 10617 | P32: 10554 | Q32: 10530
E33: Base Dental | F33: 0 | G33: 0 | H33: 0 | I33: 0 | J33: 0 | K33: 0 | L33: 0 | M33: 0 | N33: 0 | O33: 0 | P33: 0 | Q33: 0
E34: Base Saúde | F34: 5699 | G34: 5557 | H34: 5452 | I34: 5478 | J34: 5555 | K34: 5561 | L34: 8368 | M34: 9844 | N34: 10312 | O34: 10617 | P34: 10554 | Q34: 10530
E35: Vidas canceladas | F35: 268 | G35: 346 | H35: 375 | I35: 306 | J35: 280 | K35: 272 | L35: 352 | M35: 369 | N35: 640 | O35: 666 | P35: 603 | Q35: 611
E36: Retenção | F36: 27 | G36: 37 | H36: 22 | I36: 26 | J36: 28 | K36: 17 | L36: 53 | M36: 161 | N36: 344 | O36: 276 | P36: 99 | Q36: 88
E37: % cancelamento | F37: 0.046294697 | G37: 0.060712406 | H37: 0.067482455 | I37: 0.056126192 | J37: 0.051113545 | K37: 0.048964896 | L37: 0.063297968 | M37: 0.044096558 | N37: 0.065014222 | O37: 0.06458495 | P37: 0.056795705 | Q37: 0.057892742
E38: Cancel. por Inadimplência | F38: 101 | G38: 136 | H38: 150 | I38: 113 | J38: 122 | K38: 114 | L38: 97 | M38: 85 | N38: 295 | O38: 389 | P38: 331 | Q38: 5
E39: Cancel. solicitação cliente | F39: 125 | G39: 152 | H39: 158 | I39: 147 | J39: 118 | K39: 104 | L39: 186 | M39: 198 | N39: 234 | O39: 188 | P39: 181 | Q39: 1
E40: Cancel. Solicitado OPS | F40: 30 | G40: 46 | H40: 35 | I40: 38 | J40: 30 | K40: 29 | L40: 43 | M40: 48 | N40: 76 | O40: 59 | P40: 71 | Q40: 346
E41: Exclusão de dependente (A partir de Maio) | F41: 0 | G41: 0 | H41: 0 | I41: 0 | J41: 6 | K41: 4 | L41: 3 | M41: 4 | N41: 5 | O41: 3 | P41: 3 | Q41: 24
E42: Falecimento (A partir de Maio) | F42: 0 | G42: 0 | H42: 0 | I42: 0 | J42: 0 | K42: 2 | L42: 0 | M42: 2 | N42: 2 | O42: 2 | P42: 3 | Q42: 59
E43: Outros (A partir de Maio) | F43: 12 | G43: 12 | H43: 32 | I43: 8 | J43: 4 | K43: 19 | L43: 23 | M43: 32 | N43: 28 | O43: 25 | P43: 14 | Q43: 176
... E50: Bonificação Corretores/supervisores | F50: 13045.25 | G50: 15095.82 | H50: 47492.86 | I50: 60373.7 | J50: 110643.91 | K50: 79835.63 | L50: 81115.03 | M50: 811669.51 | N50: 553813.86 | O50: 270997.04 | P50: 194673.7 | Q50: 125219.51
E52: Indicador | F52: Jan | G52: Fev | H52: Mar | I52: Abr | J52: Mai | K52: Jun | L52: Jul | M52: Ago | N52: Set | O52: Out | P52: Nov | Q52: Dez | T52: .
E53: Base Vidas | F53: 7139 | G53: 6910 | H53: 6656 | I53: 6392 | J53: 6207 | K53: 6058 | L53: 5899 | M53: 5812 | N53: 4751 | O53: 28 | P53: 41 | Q53: =SUM(Q54:Q55) -> 40
E54: Base Dental | F54: 0 | G54: 0 | H54: 0 | I54: 0 | J54: 0 | K54: 0 | L54: 0 | M54: 0 | N54: 0 | O54: 0 | P54: 0 | Q54: 0
E55: Base Saúde | F55: 7131 | G55: 6901 | H55: 6647 | I55: 6383 | J55: 6198 | K55: 6050 | L55: 5890 | M55: 5803 | N55: 4742 | O55: 28 | P55: 41 | Q55: 40
E56: Vidas canceladas | F56: 345 | G56: 344 | H56: 414 | I56: 307 | J56: =SUM(J59:J64) -> 291 | K56: =SUM(K59:K64) -> 231 | L56: =SUM(L59:L64) -> 248 | M56: =SUM(M59:M64) -> 272 | N56: =SUM(N59:N64) -> 1056 | O56: =SUM(O59:O64) -> 4689 | P56: =SUM(P59:P64) -> 3 | Q56: =SUM(Q59:Q64) -> 5
E57: Retenção | F57: 22 | G57: 14 | H57: 6 | I57: 6 | J57: 11 | K57: 17 | L57: 12 | M57: 6 | N57: 4 | O57: 1 | P57: 0 | Q57: 0
E58: % cancelamento | F58: 0.047079694 | G58: =IFERROR((G56/F53),0) -> 0.04818602 | H58: =IFERROR((H56/G53),0) -> 0.059913169 | I58: =IFERROR((I56/H53),0) -> 0.046123798 | J58: =IFERROR((J56/I53),0) -> 0.045525657 | K58: =IFERROR((K56/J53),0) -> 0.037216046 | L58: =IFERROR((L56/K53),0) -> 0.040937603 | M58: =IFERROR((M56/L53),0) -> 0.04610951 | N58: =IFERROR((N56/M53),0) -> 0.18169305 | ... Q58: =IFERROR((Q56/P53),0) -> 0.12195122
E59: Cancel. por Inadimplência | F59: 128 | G59: 149 | H59: 207 | I59: 155 | J59: 112 | K59: 103 | L59: 103 | M59: 91 | N59: 102 | O59: 163 | P59: 0 | Q59: 0
E60: Cancel. solicitação cliente | F60: 165 | G60: 139 | H60: 143 | I60: 102 | J60: 148 | K60: 92 | L60: 85 | M60: 139 | N60: 847 | O60: 1015 | P60: 0 | Q60: 5
E61: Cancel. Solicitado OPS | F61: 6 | G61: 4 | H61: 13 | I61: 17 | J61: 17 | K61: 14 | L61: 14 | M61: 21 | N61: 74 | O61: 168 | P61: 0 | Q61: 0
E62: Exclusão de dependente (A partir de Maio) | F62: 0 | G62: 0 | H62: 0 | I62: 0 | J62: 7 | K62: 1 | L62: 1 | M62: 0 | N62: 0 | O62: 0 | P62: 0 | Q62: 0
E63: Falecimento (A partir de Maio) | F63: 0 | G63: 0 | H63: 0 | I63: 0 | J63: 2 | K63: 1 | L63: 0 | M63: 0 | N63: 0 | O63: 1 | P63: 0 | Q63: 0
E64: Outros (A partir de Maio) | F64: 46 | G64: 52 | H64: 51 | I64: 33 | J64: 5 | K64: 20 | L64: 45 | M64: 21 | N64: 33 | O64: 3342 | P64: 3 | Q64: 0
E65: Faturamento Emitido | F65: 2538307.9 | G65: 2480817.2 | H65: 2405721.1 | I65: 2316980 | J65: 2237675.1 | K65: 2193471.9 | L65: 2144085.1 | M65: 2123182.9 | N65: 1814135.9 | O65: 900381.14 | P65: 82670.14 | Q65: 89947.42
E66: Faturamento Recebido | F66: 2425381.4 | G66: 2345454.4 | H66: 2273011.5 | I66: 2214375.6 | J66: 2149935.1 | K66: 2047880.8 | L66: 1981755.3 | M66: 1958142 | N66: 1521280.7 | O66: 596344.27 | P66: 43141.29 | Q66: 39713.54
E67: Inadimplência | F67: =IFERROR((1-F66/F65),0) -> 0.044488886 | G67: =IFERROR((1-G66/G65),0) -> 0.054563786 | H67: =IFERROR((1-H66/H65),0) -> 0.055164175 | I67: =IFERROR((1-I66/I65),0) -> 0.044283654 | J67: =IFERROR((1-J66/J65),0) -> 0.039210353 | K67: =IFERROR((1-K66/K65),0) -> 0.066374736 | L67: =IFERROR((1-L66/L65),0) -> 0.075710489 | M67: =IFERROR((1-M66/M65),0) -> 0.077732797 | ... Q67: =IFERROR((1-Q66/Q65),0) -> 0.5584805
E68: Vendas | F68: 118 | G68: 142 | H68: 76 | I68: 82 | J68: 68 | K68: 79 | L68: 79 | M68: 160 | N68: 3 | O68: 0 | P68: 2 | Q68: 0
E69: Ticket médio | F69: =F65/F53 -> 355.55511 | G69: =G65/G53 -> 359.01841 | H69: =H65/H53 -> 361.43646 | I69: =I65/I53 -> 362.48122 | J69: =J65/J53 -> 360.50831 | K69: =K65/K53 -> 362.07856 | L69: =L65/L53 -> 363.46586 | M69: =M65/M53 -> 365.31021 | ... Q69: =Q65/Q53 -> 2248.6855
E70: Comissão Concessionárias | F70: 110546.08 | G70: 52569.405 | H70: 42762.866 | I70: 45102.617 | J70: 32160.384 | K70: 30992.528 | L70: 33824.28 | M70: 33702.969 | N70: 42174.954 | O70: 17112.57 | P70: 35.1 | Q70: 26.6005
E71: Bonificação Corretores/supervisores | F71: 24018.48 | G71: 8122.24 | H71: 16271.02 | I71: 9240 | J71: 9000 | K71: 6720 | L71: 14580 | M71: 16280 | N71: 17120 | O71: 880 | P71: 0 | Q71: 0
E73: Indicador | F73: Jan | G73: Fev | H73: Mar | I73: Abr | J73: Mai | K73: Jun | L73: Jul | M73: Ago | N73: Set | O73: Out | P73: Nov | Q73: Dez
E74: Base Vidas | F74: =SUM(F75:F76) -> 73 | G74: =SUM(G75:G76) -> 79 | H74: =SUM(H75:H76) -> 81 | I74: =SUM(I75:I76) -> 88 | J74: =SUM(J75:J76) -> 128 | K74: =SUM(K75:K76) -> 162 | L74: =SUM(L75:L76) -> 191 | M74: =SUM(M75:M76) -> 220 | ... Q74: =SUM(Q75:Q76) -> 324
E75: Base Dental | F75: 0 | G75: 0 | H75: 0 | I75: 0 | J75: 0 | K75: 0 | L75: 0 | M75: 0 | N75: 0 | O75: 0 | P75: 0 | Q75: 0
E76: Base Saúde | F76: 73 | G76: 79 | H76: 81 | I76: 88 | J76: 128 | K76: 162 | L76: 191 | M76: 220 | N76: 238 | O76: 247 | P76: 265 | Q76: 324
E77: Vidas canceladas | F77: =SUM(F80:F82) -> 6 | G77: =SUM(G80:G82) -> 7 | H77: =SUM(H80:H82) -> 8 | I77: =SUM(I80:I82) -> 8 | J77: =SUM(J80:J82) -> 10 | K77: =SUM(K80:K82) -> 5 | L77: =SUM(L80:L82) -> 12 | M77: =SUM(M80:M82) -> 15 | ... P77: =SUM(P80:P82) -> 18 | Q77: =SUM(Q80,Q81,Q97,Q98,Q99,Q100) -> 42.188679
E78: Retenção | F78: 0 | G78: 0 | H78: 0 | I78: 0 | J78: 0 | K78: 0 | L78: 0 | M78: 3 | N78: 1 | O78: 0 | P78: 2 | Q78: 1
E79: % cancelamento | F79: 0.096774194 | G79: 0.095890411 | H79: 0.10126582 | I79: 0.098765432 | J79: 0.11363636 | K79: 0.0390625 | L79: 0.074074074 | M79: 0.078534031 | N79: 0.11363636 | O79: 0.16386555 | P79: 0.072874494 | Q79: 0.1245283
E80: Cancel. por Inadimplência | F80: 5 | G80: 1 | H80: 6 | I80: 8 | J80: 6 | K80: 2 | L80: 9 | M80: 8 | N80: 23 | O80: 22 | P80: 10 | Q80: 27
E81: Cancel. solicitação cliente | F81: 1 | G81: 6 | H81: 2 | I81: 0 | J81: 4 | K81: 3 | L81: 3 | M81: 7 | N81: 2 | O81: 17 | P81: 8 | Q81: 5
E82: Cancel. Solicitado OPS | F82: 0 | G82: 0 | H82: 0 | I82: 0 | J82: 0 | K82: 0 | L82: 0 | M82: 0 | N82: 0 | O82: 0 | P82: 0 | Q82: 0
E83: Faturamento Emitido | F83: 11199.64 | G83: 11754.42 | H83: 10909.84 | I83: 13411.44 | J83: 18873.75 | K83: 24033.62 | L83: 29085.52 | M83: 33354.95 | N83: 37644.89 | O83: 43620.1 | P83: 49824.65 | Q83: 51165.05
E84: Faturamento Recebido | F84: 9896.28 | G84: 10705.12 | H84: 10039.71 | I84: 13197.01 | J84: 16864.53 | K84: 20322.36 | L84: 23098.51 | M84: 25333.58 | N84: 29513.1 | O84: 33965.43 | P84: 38870.41 | Q84: 30810.76
E85: Inadimplência | F85: =IFERROR((1-F84/F83),0) -> 0.11637517 | G85: =IFERROR((1-G84/G83),0) -> 0.089268547 | H85: =IFERROR((1-H84/H83),0) -> 0.07975644 | I85: =IFERROR((1-I84/I83),0) -> 0.015988589 | J85: =IFERROR((1-J84/J83),0) -> 0.10645579 | K85: 0 | L85: =IFERROR((1-L84/L83),0) -> 0.2058416 | M85: =IFERROR((1-M84/M83),0) -> 0.24048515 | N85: =IFERROR((1-N84/N83),0) -> 0.21601312 | O85: =IFERROR((1-O84/O83),0) -> 0.22133535 | P85: =IFERROR((1-P84/P83),0) -> 0.21985583 | Q85: =IFERROR((1-Q84/Q83),0) -> 0.39781628
E86: Vendas | F86: 0 | G86: 0 | H86: 0 | I86: 0 | J86: 45 | K86: 38 | L86: 41 | M86: 44 | N86: 43 | O86: 46 | P86: 50 | Q86: 43
E87: Ticket médio | F87: =F83/F74 -> 153.41973 | G87: =G83/G74 -> 148.79013 | H87: =H83/H74 -> 134.68938 | I87: =I83/I74 -> 152.40273 | J87: =J83/J74 -> 147.45117 | K87: =K83/K74 -> 148.35568 | L87: =L83/L74 -> 152.28021 | M87: =M83/M74 -> 151.61341 | ... Q87: =Q83/Q74 -> 157.91682
E88: Comissão Concessionárias | F88: 0 | G88: 0 | H88: 0 | I88: 0 | J88: 0 | K88: 2926.4996 | L88: 2538.2626 | M88: 2617.058 | N88: 2852.7912 | O88: 3084.95 | P88: 3025.15 | Q88: 3997.4174
E89: Bonificação Corretores/supervisores | F89: 0 | G89: 0 | H89: 0 | I89: 0 | J89: 0 | K89: 4070 | L89: 3520 | M89: 3190 | N89: 3410 | O89: 3410 | P89: 3190 | Q89: 10780
E91: Indicador | F91: Jan | G91: Fev | H91: Mar | I91: Abr | J91: Mai | K91: Jun | L91: Jul | M91: Ago | N91: Set | O91: Out | P91: Nov | Q91: Dez
E92: Base | F92: 0 | G92: 0 | H92: 0 | I92: 0 | J92: 0 | K92: 0 | L92: 0 | M92: 0 | N92: 0 | O92: 41 | P92: 53 | Q92: 82
E93: Vidas canceladas | F93: 0 | G93: 0 | H93: 0 | I93: 0 | J93: 0 | K93: 0 | L93: 0 | M93: 0 | N93: 0 | O93: 0 | P93: 0 | Q93: 0
E94: % cancelamento | F94: 0 | G94: 0 | H94: 0 | I94: 0 | J94: 0 | K94: 0 | L94: 0 | M94: 0 | N94: 0 | O94: 41 | P94: 53 | Q94: 82
E95: Cancel. por Inadimplência | F95: 0 | G95: 0 | H95: 0 | I95: 0 | J95: 0 | K95: 0 | L95: 0 | M95: 0 | N95: 0 | O95: 0 | P95: 3 | Q95: 10
E96: Cancel. solicitação cliente | F96: 0 | G96: 0 | H96: 0 | I96: 0 | J96: 0 | K96: 0 | L96: 0 | M96: 0 | N96: 0 | O96: 4 | P96: 3 | Q96: 1
E97: Cancel. Solicitado OPS | F97: 0 | G97: 0 | H97: 0 | I97: 0 | J97: 0 | K97: 0 | L97: 0 | M97: 0 | N97: 0 | O97: 0 | P97: 0.073170732 | Q97: 0.18867925
E98: Exclusão de dependente (A partir de Maio) | F98: 0 | G98: 0 | H98: 0 | I98: 0 | J98: 0 | K98: 0 | L98: 0 | M98: 0 | N98: 0 | O98: 0 | P98: 0 | Q98: 4
E99: Falecimento (A partir de Maio) | F99: 0 | G99: 0 | H99: 0 | I99: 0 | J99: 0 | K99: 0 | L99: 0 | M99: 0 | N99: 0 | O99: 0 | P99: 0 | Q99: 6
E100: Outros (A partir de Maio) | F100: 0 | G100: 0 | H100: 0 | I100: 0 | J100: 0 | K100: 0 | L100: 0 | M100: 0 | N100: 0 | O100: 0 | P100: 0 | Q100: 0
E101: Faturamento Emitido | F101: 0 | G101: 0 | H101: 0 | I101: 0 | J101: 0 | K101: 0 | L101: 0 | M101: 0 | N101: 0 | O101: 0 | P101: 0 | Q101: 0
E102: Faturamento Recebido | F102: 0 | G102: 0 | H102: 0 | I102: 0 | J102: 0 | K102: 0 | L102: 0 | M102: 0 | N102: 0 | O102: 0 | P102: 0 | Q102: 0
E103: Inadimplência | F103: 0 | G103: 0 | H103: 0 | I103: 0 | J103: 0 | K103: 0 | L103: 0 | M103: 0 | N103: 0 | O103: 0 | P103: 0 | Q103: 0
... E107: Bonificação Corretores/supervisores | F107: 0 | G107: 0 | H107: 0 | I107: 0 | J107: 0 | K107: 0 | L107: 0 | M107: 0 | N107: 0 | O107: 0 | P107: 0 | Q107: 0
F108: 0 | G108: 0 | H108: 0 | I108: 0 | J108: 0 | K108: 0 | L108: 0 | M108: 0 | O108: 0
E109: Indicador | F109: 0 | G109: 0 | H109: 0 | I109: 0 | J109: 0 | K109: 0 | L109: 0 | M109: 0 | N109: Set | O109: 0 | P109: Nov | Q109: Dez
E110: Base Vidas | F110: 0 | G110: 0 | H110: 0 | I110: 0 | J110: 0 | K110: 0 | L110: 0 | M110: 0 | O110: 0
E111: Base Dental | F111: 0 | G111: 0 | H111: 0 | I111: 0 | J111: 0 | K111: 0 | L111: 0 | M111: 0 | O111: 0
E112: Base Saúde | F112: 0 | G112: 0 | H112: 0 | I112: 0 | J112: 0 | K112: 0 | L112: 0 | M112: 0 | N112: 0 | O112: 0 | P112: 0 | Q112: 0
E113: Vidas canceladas | F113: 0 | G113: 0 | H113: 0 | I113: 0 | J113: 0 | K113: 0 | L113: 0 | M113: 0 | O113: 0
E114: Retenção | F114: 0 | G114: 0 | H114: 0 | I114: 0 | J114: 0 | K114: 0 | L114: 0 | M114: 0 | O114: 0
E115: % cancelamento | F115: 0 | G115: 0 | H115: 0 | I115: 0 | J115: 0 | K115: 0 | L115: 0 | M115: 0 | N115: 0 | O115: 0 | P115: 1 | Q115: 0
E116: Cancel. por Inadimplência | F116: 0 | G116: 0 | H116: 0 | I116: 0 | J116: 0 | K116: 0 | L116: 0 | M116: 0 | N116: 0 | O116: 0 | P116: 0 | Q116: 0
E117: Cancel. solicitação cliente | F117: 0 | G117: 0 | H117: 0 | I117: 0 | J117: 0 | K117: 0 | L117: 0 | M117: 0 | N117: 0 | O117: 0 | P117: 0 | Q117: 0
E118: Cancel. Solicitado OPS | F118: 0 | G118: 0 | H118: 0 | I118: 0 | J118: 0 | K118: 0 | L118: 0 | M118: 0 | N118: 0 | O118: 0 | P118: 2 | Q118: 0
E119: Faturamento Emitido | F119: 0 | G119: 0 | H119: 0 | I119: 0 | J119: 0 | K119: 0 | L119: 0 | M119: 0 | N119: 0 | O119: 12784.67 | P119: 15619.43 | Q119: 28094.96
E120: Faturamento Recebido | F120: 0 | G120: 0 | H120: 0 | I120: 0 | J120: 0 | K120: 0 | L120: 0 | M120: 0 | N120: 0 | O120: 9776.62 | P120: 13841.51 | Q120: 17778.64
E121: Inadimplência | F121: 0 | G121: 0 | H121: 0 | I121: 0 | J121: 0 | K121: 0 | L121: 0 | M121: 0 | N121: - | O121: 0.2352857 | P121: 0.11382746 | Q121: 0.36719469
E122: Vendas | F122: 0 | G122: 0 | H122: 0 | I122: 0 | J122: 0 | K122: 0 | L122: 0 | M122: 0 | N122: 0 | O122: 41 | P122: 19 | Q122: 30
...

Sheet Relatório Indicadores 22
E10: Indicador | F10: Jan | G10: Fev | H10: Mar | I10: Abr | J10: Mai | K10: Jun | L10: Jul | M10: Ago | N10: Set | O10: Out | P10: Nov | Q10: Dez
F11: #REF! | G11: =F13-G16+G28 -> 66456 | H11: =G13-H16+H28 -> 62722 | I11: =H13-I16+I28 -> 59820 | J11: =I13-J16+J28 -> 57356 | K11: =J13-K16+K28 -> 55002 | L11: =K13-L16+L28 -> 49254 | M11: =L13-M16+M28 -> 45055 | N11: =M13-N16+N28 -> 42461 | ... P11: =O13-P16+P28 -> 39479
F12: =F13-F11 -> #REF! | G12: =G13-G11 -> 918 | H12: =H13-H11 -> -87 | I12: =I13-I11 -> 41 | J12: =J13-J11 -> 79 | K12: =K13-K11 -> -177 | L12: =L13-L11 -> -691 | M12: =M13-M11 -> -26 | ... P12: =P13-P11 -> -45
E13: Base Vidas | F13: =SUM(F14:F15) -> 67476 | G13: =SUM(G14:G15) -> 67374 | H13: =SUM(H14:H15) -> 62635 | I13: =SUM(I14:I15) -> 59861 | J13: =SUM(J14:J15) -> 57435 | K13: =SUM(K14:K15) -> 54825 | L13: =SUM(L14:L15) -> 48563 | M13: =SUM(M14:M15) -> 45029 | ... Q13: =SUM(Q14:Q15) -> 38757
E14: Base Dental | F14: 1603 | G14: 1616 | H14: 1685 | I14: 1786 | J14: 1729 | K14: 1747 | L14: 1810 | M14: 1785 | N14: 1644 | O14: 1570 | P14: 1553 | Q14: 1541
E15: Base Saúde | F15: 65873 | G15: 65758 | H15: 60950 | I15: 58075 | J15: 55706 | K15: 53078 | L15: 46753 | M15: 43244 | N15: 40635 | O15: 38884 | P15: 37881 | Q15: 37216
E16: Vidas canceladas | F16: =SUM(F19:F24) -> 4721 | G16: =SUM(G19:G24) -> 3855 | H16: =SUM(H19:H24) -> 7570 | I16: =SUM(I19:I24) -> 5714 | J16: =SUM(J19:J24) -> 4131 | K16: =SUM(K19:K24) -> 4320 | L16: =SUM(L19:L24) -> 8602 | M16: =SUM(M19:M24) -> 5505 | ... Q16: =SUM(Q19:Q24) -> 1528
E17: Retenção | F17: 1015 | G17: 773 | H17: 845 | I17: 496 | J17: 714 | K17: 1040 | L17: 1210 | M17: 696 | N17: 574 | O17: 433 | P17: 686 | Q17: 364
E18: % cancelamento | F18: 0.068508656 | G18: =IFERROR((G16/F13),0) -> 0.057131425 | H18: =IFERROR((H16/G13),0) -> 0.11235788 | I18: =IFERROR((I16/H13),0) -> 0.09122695 | J18: =IFERROR((J16/I13),0) -> 0.069009873 | K18: =IFERROR((K16/J13),0) -> 0.075215461 | L18: =IFERROR((L16/K13),0) -> 0.15689922 | M18: =IFERROR((M16/L13),0) -> 0.11335791 | N18: =IFERROR((N16/M13),0) -> 0.088898266 | ... Q18: =IFERROR((Q16/P13),0) -> 0.038748288
E19: Cancel. por Inadimplência | F19: 1490 | G19: 1232 | H19: 1522 | I19: 1583 | J19: 1923 | K19: 1833 | L19: 1365 | M19: 1283 | N19: 2316 | O19: 879 | P19: 709 | Q19: 530
E20: Cancel. solicitação cliente | F20: 2453 | G20: 1674 | H20: 3496 | I20: 2562 | J20: 1354 | K20: 1787 | L20: 4259 | M20: 2868 | N20: 1154 | O20: 757 | P20: 643 | Q20: 616
E21: Cancel. Solicitado OPS | F21: 639 | G21: 850 | H21: 2390 | I21: 1510 | J21: 809 | K21: 655 | L21: 2960 | M21: 1305 | N21: 439 | O21: 312 | P21: 272 | Q21: 213
E22: Exclusão de dependente | F22: 22 | G22: 25 | H22: 52 | I22: - | L22: 0
E23: Falecimento | F23: 17 | G23: 13 | H23: 3 | I23: 0 | J23: 0 | K23: 7 | L23: 2 | M23: 9 | N23: 3 | O23: 4 | P23: 5 | Q23: 14
E24: Outros | F24: 100 | G24: 61 | H24: 107 | I24: 59 | J24: 45 | K24: 38 | L24: 16 | M24: 40 | N24: 91 | O24: 30 | P24: 39 | Q24: 155
E25: Faturamento Emitido | F25: 44842301 | G25: 44499708 | H25: 42810223 | I25: 43422255 | J25: 38377906 | K25: 36818173 | L25: 38647053 | M25: 35285221 | N25: 33306251 | O25: 32145011 | P25: 31596726 | Q25: 31022320
E26: Faturamento Recebido | F26: 41786730 | G26: 39328844 | H26: 38832051 | I26: 35171965 | J26: 32932381 | K26: 33083404 | L26: 32460565 | M26: 31568060 | N26: 29995521 | O26: 29257104 | P26: 28792771 | Q26: 28596266
E27: Inadimplência | F27: =IFERROR((1-F26/F25),0) -> 0.068140355 | G27: =IFERROR((1-G26/G25),0) -> 0.11619995 | H27: =IFERROR((1-H26/H25),0) -> 0.092925738 | I27: =IFERROR((1-I26/I25),0) -> 0.1900014 | J27: =IFERROR((1-J26/J25),0) -> 0.14189219 | K27: =IFERROR((1-K26/K25),0) -> 0.10143819 | L27: =IFERROR((1-L26/L25),0) -> 0.16007656 | M27: =IFERROR((1-M26/M25),0) -> 0.10534612 | ... Q27: =IFERROR((1-Q26/Q25),0) -> 0.078203516
E28: Vendas | F28: 3246 | G28: 2835 | H28: 2918 | I28: 2899 | J28: 1626 | K28: 1887 | L28: 3031 | M28: 1997 | N28: 1435 | O28: 376 | P28: 693 | Q28: 864
E29: Ticket médio | F29: =IFERROR(F25/F13,0) -> 664.56667 | G29: =IFERROR(G25/G13,0) -> 660.48785 | H29: =IFERROR(H25/H13,0) -> 683.48723 | I29: =IFERROR(I25/I13,0) -> 725.38472 | J29: =IFERROR(J25/J13,0) -> 668.1972 | K29: =IFERROR(K25/K13,0) -> 671.55811 | L29: =IFERROR(L25/L13,0) -> 795.81271 | M29: =IFERROR(M25/M13,0) -> 783.61103 | ... Q29: =IFERROR(Q25/Q13,0) -> 800.43141
E30: Comissão Concessionárias | F30: 1200286.8 | G30: 1059007.7 | H30: 1091242.7 | I30: 1032842.1 | J30: 833075.13 | K30: 782584.1 | L30: 745961.59 | M30: 733919.95 | N30: 658967.1 | O30: 629408.03 | P30: 525435.87 | Q30: 546779.85
E31: Bonificação Corretores/supervisores | F31: 721759.33 | G31: 721759.33 | H31: 614759.94 | I31: 514687.03 | J31: 496574.37 | K31: 605079.98 | L31: 546967.19 | M31: 478527.34 | N31: 376181.55 | O31: 173309.88 | P31: 210750
F33: #REF! | G33: =F36-G39+G51 -> 10371 | H33: =G36-H39+H51 -> 10860 | I33: =H36-I39+I51 -> 11470 | J33: =I36-J39+J51 -> 12115 | K33: =J36-K39+K51 -> 11874 | L33: =K36-L39+L51 -> 11132 | M33: =L36-M39+M51 -> 11130 | N33: =M36-N39+N51 -> 10733 | ... P33: =O36-P39+P51 -> 10465
F34: =F36-F33 -> #REF! | G34: =G36-G33 -> -41 | H34: =H36-H33 -> -29 | I34: =I36-I33 -> 43 | J34: =J36-J33 -> 48 | K34: =K36-K33 -> -5 | L34: =L36-L33 -> -57 | M34: =M36-M33 -> 21 | ... P34: =P36-P33 -> -3
E35: Indicador | F35: Jan | G35: Fev | H35: Mar | I35: Abr | J35: Mai | K35: Jun | L35: Jul | M35: Ago | N35: Set | O35: Out | P35: Nov | Q35: Dez
E36: Base Vidas | F36: =SUM(F37:F38) -> 10494 | G36: =SUM(G37:G38) -> 10330 | H36: =SUM(H37:H38) -> 10831 | I36: =SUM(I37:I38) -> 11513 | J36: =SUM(J37:J38) -> 12163 | K36: =SUM(K37:K38) -> 11869 | L36: =SUM(L37:L38) -> 11075 | M36: =SUM(M37:M38) -> 11151 | ... Q36: =SUM(Q37:Q38) -> 10565
E37: Base Dental | F37: 0 | G37: 0 | H37: 0 | I37: 0 | J37: 0 | K37: 0 | L37: 0 | M37: 0 | N37: 0 | O37: 0 | P37: 0 | Q37: 0
E38: Base Saúde | F38: 10494 | G38: 10330 | H38: 10831 | I38: 11513 | J38: 12163 | K38: 11869 | L38: 11075 | M38: 11151 | N38: 10741 | O38: 10655 | P38: 10462 | Q38: 10565
E39: Vidas canceladas | F39: =SUM(F42:F47) -> 597 | G39: =SUM(G42:G47) -> 652 | H39: =SUM(H42:H47) -> 574 | I39: =SUM(I42:I47) -> 569 | J39: =SUM(J42:J47) -> 593 | K39: =SUM(K42:K47) -> 761 | L39: =SUM(L42:L47) -> 1170 | M39: =SUM(M42:M47) -> 1027 | ... Q39: =SUM(Q42:Q47) -> 617
E40: Retenção | F40: 41 | G40: 41 | H40: 21 | I40: 28 | J40: 34 | K40: 64 | L40: 110 | M40: 100 | N40: 103 | O40: 41 | P40: 164 | Q40: 420
E41: % cancelamento | F41: 0.056695157 | G41: =IFERROR((G39/F36),0) -> 0.062130741 | H41: =IFERROR((H39/G36),0) -> 0.055566312 | I41: =IFERROR((I39/H36),0) -> 0.052534392 | J41: =IFERROR((J39/I36),0) -> 0.051506992 | K41: =IFERROR((K39/J36),0) -> 0.062566801 | L41: =IFERROR((L39/K36),0) -> 0.098576123 | M41: =IFERROR((M39/L36),0) -> 0.092731377 | N41: =IFERROR((N39/M36),0) -> 0.084297372 | ... Q41: =IFERROR((Q39/P36),0) -> 0.058975339
E42: Cancel. por Inadimplência | F42: 360 | G42: 370 | H42: 329 | I42: 374 | J42: 382 | K42: 477 | L42: 527 | M42: 422 | N42: 602 | O42: 395 | P42: 377 | Q42: 299
E43: Cancel. solicitação cliente | F43: 170 | G43: 144 | H43: 120 | I43: 126 | J43: 133 | K43: 200 | L43: 343 | M43: 382 | N43: 208 | O43: 209 | P43: 198 | Q43: 250
E44: Cancel. Solicitado OPS | F44: 49 | G44: 48 | H44: 52 | I44: 63 | J44: 66 | K44: 75 | L44: 297 | M44: 217 | N44: 108 | O44: 89 | P44: 95 | Q44: 54
E45: Exclusão de dependente | F45: 8 | G45: 84 | H45: 70 | I45: 0 | J45: 0 | K45: 0 | L45: 0 | M45: 0 | N45: 0 | O45: 0 | P45: 0 | Q45: 0
E46: Falecimento | F46: 0 | G46: 0 | H46: 0 | I46: 0 | J46: 0 | K46: 0 | L46: 0 | M46: 0 | N46: 1 | O46: 0 | P46: 2 | Q46: 2
E47: Outros | F47: 10 | G47: 6 | H47: 3 | I47: 6 | J47: 12 | K47: 9 | L47: 3 | M47: 6 | N47: 21 | O47: 20 | P47: 15 | Q47: 12
E48: Faturamento Emitido | F48: 3679322.4 | G48: 3618246.6 | H48: 3761768.6 | I48: 3912829.7 | J48: 4106854.4 | K48: 4053916.5 | L48: 4551738.1 | M48: 4539856.5 | N48: 4346921.7 | O48: 4252808.7 | P48: 4139481 | Q48: 4094728.1
E49: Faturamento Recebido | F49: 3072084 | G49: 3061997.4 | H49: 3306359.3 | I49: 3238558.5 | J49: 3486976.3 | K49: 3542887.7 | L49: 3755938.1 | M49: 3952686 | N49: 3700457.5 | O49: 3679727.3 | P49: 3572907.9 | Q49: 3596745.1
E50: Inadimplência | F50: =IFERROR((1-F49/F48),0) -> 0.16504082 | G50: =IFERROR((1-G49/G48),0) -> 0.15373446 | H50: =IFERROR((1-H49/H48),0) -> 0.12106256 | I50: =IFERROR((1-I49/I48),0) -> 0.17232314 | J50: =IFERROR((1-J49/J48),0) -> 0.15093744 | K50: =IFERROR((1-K49/K48),0) -> 0.12605806 | L50: =IFERROR((1-L49/L48),0) -> 0.17483431 | M50: =IFERROR((1-M49/M48),0) -> 0.12933679 | ... Q50: =IFERROR((1-Q49/Q48),0) -> 0.12161563
E51: Vendas | F51: 305 | G51: 529 | H51: 1104 | I51: 1208 | J51: 1195 | K51: 472 | L51: 433 | M51: 1082 | N51: 522 | O51: 648 | P51: 497 | Q51: 709
E52: Ticket médio | F52: =F48/F36 -> 350.61201 | G52: =G48/G36 -> 350.26588 | H52: =H48/H36 -> 347.31498 | I52: =IFERROR(I48/I36,0) -> 339.86186 | J52: =IFERROR(J48/J36,0) -> 337.65144 | K52: =IFERROR(K48/K36,0) -> 341.55502 | L52: =IFERROR(L48/L36,0) -> 410.99215 | M52: =IFERROR(M48/M36,0) -> 407.1255 | N52: =IFERROR(N48/N36,0) -> 404.70363 | O52: =IFERROR(O48/O36,0) -> 399.13738 | P52: =IFERROR(P48/P36,0) -> 395.66823 | Q52: =IFERROR(Q48/Q36,0) -> 387.57483
E53: Comissão Concessionárias | F53: 162412.13 | G53: 116860.29 | H53: 142421.07 | I53: 226367.36 | J53: 206190.35 | K53: 253056.19 | L53: 158342.61 | M53: 162827.57 | N53: 251914.24 | O53: 172293.47 | P53: 192019.47 | Q53: 172868.84
E54: Bonificação Corretores/supervisores | F54: 107421.4 | G54: 154060.03 | H54: 543890 | I54: 479490 | J54: 555480 | K54: 444350 | L54: 135890 | M54: 433330 | N54: 160460 | O54: 117550 | P54: 182540 | Q54: 0
F56: #REF! | G56: =F59-G62+G74 -> 35 | H56: =G59-H62+H74 -> 34 | I56: =H59-I62+I74 -> 34 | J56: =I59-J62+J74 -> 35 | K56: =J59-K62+K74 -> 36 | L56: =K59-L62+L74 -> 33 | M56: =L59-M62+M74 -> 33 | N56: =M59-N62+N74 -> 25 | ... P56: =O59-P62+P74 -> 22
F57: =F59-F56 -> #REF! | G57: =G59-G56 -> 1 | H57: =H59-H56 -> 1 | I57: =I59-I56 -> 1 | J57: =J59-J56 -> 1 | K57: =K59-K56 -> -2 | L57: =L59-L56 -> 0 | M57: =M59-M56 -> 0 | ... P57: =P59-P56 -> 0
E58: Indicador | F58: Jan | G58: Fev | H58: Mar | I58: Abr | J58: Mai | K58: Jun | L58: Jul | M58: Ago | N58: Set | O58: Out | P58: Nov | Q58: Dez
E59: Base Vidas | F59: =SUM(F60:F61) -> 35 | G59: =SUM(G60:G61) -> 36 | H59: =SUM(H60:H61) -> 35 | I59: =SUM(I60:I61) -> 35 | J59: =SUM(J60:J61) -> 36 | K59: =SUM(K60:K61) -> 34 | L59: =SUM(L60:L61) -> 33 | M59: =SUM(M60:M61) -> 33 | ... Q59: =SUM(Q60:Q61) -> 22
E60: Base Dental | F60: 0 | G60: 0 | H60: 0 | I60: 0 | J60: 0 | K60: 0 | L60: 0 | M60: 0 | N60: 0 | O60: 0
E61: Base Saúde | F61: 35 | G61: 36 | H61: 35 | I61: 35 | J61: 36 | K61: 34 | L61: 33 | M61: 33 | N61: 25 | O61: 24 | P61: 22 | Q61: 22
E62: Vidas canceladas | F62: =SUM(F65:F70) -> 3 | G62: =SUM(G65:G70) -> 0 | H62: =SUM(H65:H70) -> 2 | I62: =SUM(I65:I70) -> 1 | J62: =SUM(J65:J70) -> 0 | K62: =SUM(K65:K70) -> 0 | L62: =SUM(L65:L70) -> 1 | M62: 0 | N62: =SUM(N65:N70) -> 8 | O62: =SUM(O65:O70) -> 1 | P62: =SUM(P65:P70) -> 2 | Q62: =SUM(Q65,Q66,Q67,Q69,Q70) -> 0
E63: Retenção | F63: 0 | G63: 0 | I63: 0 | J63: 0 | K63: 0 | L63: 0 | M63: 0 | N63: 0 | O63: 0
E64: % cancelamento | F64: 0.075 | G64: =IFERROR((G62/F59),0) -> 0 | H64: =IFERROR((H62/G59),0) -> 0.055555556 | I64: =IFERROR((I62/H59),0) -> 0.028571429 | J64: =IFERROR((J62/I59),0) -> 0 | K64: =IFERROR((K62/J59),0) -> 0 | L64: =IFERROR((L62/K59),0) -> 0.029411765 | M64: =IFERROR((M62/L59),0) -> 0 | N64: =IFERROR((N62/M59),0) -> 0.24242424 | ... Q64: =IFERROR((Q62/P59),0) -> 0
E65: Cancel. por Inadimplência | F65: 0 | G65: 0 | H65: 1 | I65: 1 | J65: 0 | K65: 0 | L65: 0 | M65: 0 | N65: 8 | O65: 1 | P65: 2 | Q65: 0
E66: Cancel. solicitação cliente | F66: 2 | G66: 0 | H66: 0 | I66: 0 | J66: 0 | K66: 0 | L66: 0 | M66: 0 | N66: 0 | O66: 0 | Q66: 0
E67: Cancel. Solicitado OPS | F67: 0 | G67: 0 | H67: 1 | I67: 0 | J67: 0 | K67: 0 | L67: 0 | M67: 0 | N67: 0 | O67: 0 | Q67: 0
E68: Exclusão de dependente | F68: 0 | G68: 0 | H68: 0 | I68: 0 | J68: 0 | K68: 0 | L68: 0 | M68: 0 | N68: 0 | O68: 0
E69: Falecimento | F69: 0 | G69: 0 | H69: 0 | I69: 0 | J69: 0 | K69: 0 | L69: 0 | M69: 0 | N69: 0 | O69: 0 | Q69: 0
E70: Outros | F70: 1 | G70: 0 | H70: 0 | I70: 0 | J70: 0 | K70: 0 | L70: 1 | M70: 0 | N70: 0 | O70: 0 | Q70: 0
E71: Faturamento Emitido | F71: 23167.96 | G71: 23424.56 | H71: 23424.56 | I71: 22195.46 | J71: 22888.53 | K71: 21448.1 | L71: 21727.09 | M71: 25350.26 | N71: 23581.49 | O71: 19517.44 | P71: 24995.09 | Q71: 20114.92
E72: Faturamento Recebido | F72: 14608.52 | G72: 15957.62 | H72: 13487.01 | I72: 13628.72 | J72: 12565.96 | K72: 11029.53 | L72: 12884.83 | M72: 14707.91 | N72: 16413.54 | O72: 14694.32 | P72: 16947.43 | Q72: 13051.06
E73: Inadimplência | F73: =IFERROR((1-F72/F71),0) -> 0.3694516 | G73: =IFERROR((1-G72/G71),0) -> 0.31876543 | H73: =IFERROR((1-H72/H71),0) -> 0.42423636 | I73: =IFERROR((1-I72/I71),0) -> 0.38596812 | J73: =IFERROR((1-J72/J71),0) -> 0.45099314 | K73: =IFERROR((1-K72/K71),0) -> 0.48575725 | L73: =IFERROR((1-L72/L71),0) -> 0.40696936 | M73: =IFERROR((1-M72/M71),0) -> 0.41981226 | ... Q73: =IFERROR((1-Q72/Q71),0) -> 0.35117515
E74: Vendas | F74: 0 | G74: 0 | H74: 0 | I74: 0 | J74: 0 | K74: 0 | L74: 0 | M74: 0 | N74: 0 | O74: 0 | P74: 0 | Q74: 0
E75: Ticket médio | F75: =F71/F59 -> 661.94171 | G75: =G71/G59 -> 650.68222 | H75: =H71/H59 -> 669.27314 | I75: =IFERROR(I71/I59,0) -> 634.156 | J75: =IFERROR(J71/J59,0) -> 635.7925 | K75: =IFERROR(K71/K59,0) -> 630.82647 | L75: =IFERROR(L71/L59,0) -> 658.39667 | M75: =IFERROR(M71/M59,0) -> 768.1897 | N75: =IFERROR(N71/N59,0) -> 943.2596 | O75: =IFERROR(O71/O59,0) -> 813.22667 | P75: =IFERROR(P71/P59,0) -> 1136.1405 | Q75: =IFERROR(Q71/Q59,0) -> 914.31455
E76: Comissão Concessionárias | F76: 89.0256 | G76: 86.3979 | H76: 43.2429 | I76: 55.3023 | J76: 49.7541 | K76: 0 | L76: 0 | M76: 0 | N76: 0 | O76: 0 | P76: 0 | Q76: 0
E77: Bonificação Corretores/supervisores | F77: 0 | G77: 0 | H77: 0 | I77: 0 | J77: 0 | K77: 0 | L77: 0 | M77: 0 | N77: 0 | O77: 0 | P77: 0 | Q77: 0
F79: #REF! | G79: =F82-G85+G97 -> 264 | H79: =G82-H85+H97 -> 267 | I79: =H82-I85+I97 -> 271 | J79: =I82-J85+J97 -> 281 | K79: =J82-K85+K97 -> 305 | L79: =K82-L85+L112 -> 402 | M79: =L82-M85+M112 -> 416 | N79: =M82-N85+N112 -> 381 | O79: =N82-O85+O112 -> 383 | P79: =O82-P85+P112 -> 401
F80: =F82-F79 -> #REF! | G80: =G82-G79 -> 38 | H80: =H82-H79 -> 47 | I80: =I82-I79 -> 44 | J80: =J82-J79 -> 49 | K80: =K82-K79 -> 69 | L80: =L82-L79 -> 1 | M80: =M82-M79 -> 1 | ... P80: =P82-P79 -> 4
E81: Indicador | F81: Jan | G81: Fev | H81: Mar | I81: Abr | J81: Mai | K81: Jun | L81: Jul | M81: Ago | N81: Set | O81: Out | P81: Nov | Q81: Dez
E82: Base Vidas | F82: =SUM(F83:F84) -> 293 | G82: =SUM(G83:G84) -> 302 | H82: =SUM(H83:H84) -> 314 | I82: =SUM(I83:I84) -> 315 | J82: =SUM(J83:J84) -> 330 | K82: =SUM(K83:K84) -> 374 | L82: =SUM(L83:L84) -> 403 | M82: =SUM(M83:M84) -> 417 | ... Q82: =SUM(Q83:Q84) -> 411
E83: Base Dental | F83: 0 | G83: 0 | H83: 0 | I83: 0 | J83: 0 | K83: 0 | L83: 0 | M83: 0
E84: Base Saúde | F84: 293 | G84: 302 | H84: 314 | I84: 315 | J84: 330 | K84: 374 | L84: 403 | M84: 417 | N84: 378 | O84: 383 | P84: 405 | Q84: 411
E85: Vidas canceladas | F85: =SUM(F88,F89,F105,F106,F107,F108) -> 62 | G85: =SUM(G88,G89,G105,G106,G107,G108) -> 29 | H85: =SUM(H88,H89,H105,H106,H107,H108) -> 35 | I85: =SUM(I88,I89,I105,I106,I107,I108) -> 43 | J85: =SUM(J88,J89,J105,J106,J107,J108) -> 34 | K85: =SUM(K88,K89,K105,K106,K107,K108) -> 25 | L85: =SUM(L88,L89,L105,L106,L107,L108) -> 36 | M85: =SUM(M88,M89,M105,M106,M107,M108) -> 33 | ... Q85: =SUM(Q88,Q89,Q105,Q106,Q107,Q108) -> 32
E86: Retenção | F86: 0 | G86: 1 | H86: 0 | I86: 1 | J86: 0 | K86: 2 | L86: 1 | M86: 0 | N86: 1 | O86: 3 | P86: 3
E87: % cancelamento | F87: 0.19135802 | G87: =IFERROR((G85/F82),0) -> 0.098976109 | H87: =IFERROR((H85/G82),0) -> 0.11589404 | I87: =IFERROR((I85/H82),0) -> 0.13694268 | J87: =IFERROR((J85/I82),0) -> 0.10793651 | K87: =IFERROR((K85/J82),0) -> 0.075757576 | L87: =IFERROR((L85/K82),0) -> 0.096256684 | M87: =IFERROR((M85/L82),0) -> 0.081885856 | N87: =IFERROR((N85/M82),0) -> 0.095923261 | ... Q87: =IFERROR((Q85/P82),0) -> 0.079012346
E88: Cancel. por Inadimplência | F88: 60 | G88: 16 | H88: 27 | I88: 22 | J88: 25 | K88: 21 | L88: 24 | M88: 27 | N88: 30 | O88: 28 | P88: 18 | Q88: 27
E89: Cancel. solicitação cliente | F89: 2 | G89: 9 | H89: 5 | I89: 4 | J89: 9 | K89: 3 | L89: 12 | M89: 6 | N89: 9 | O89: 14 | P89: 13 | Q89: 4
E90: Cancel. Solicitado OPS | G90: 0 | I90: 0 | L90: 0 | O90: 0
E91: Faturamento Emitido | G91: 0 | I91: 0 | L91: 0 | O91: 0
E92: Faturamento Recebido | G92: 0 | I92: 0 | L92: 0 | O92: 0
E93: Inadimplência | G93: 0 | I93: 0 | L93: 0 | O93: 0
E94: Vendas | G94: 0 | I94: 0 | L94: 0 | O94: 0
E95: Ticket médio | G95: 0 | I95: 0 | L95: 0 | O95: 0
E96: Comissão Concessionárias | G96: 0 | I96: 0 | L96: 0 | O96: 0
E97: Bonificação Corretores/supervisores | G97: 0 | I97: 0 | L97: 0 | O97: 0
G98: 0 | I98: 0 | L98: 0 | O98: 0
E99: Indicador | G99: 0 | I99: 0 | L99: 0 | O99: 0
E100: Base | G100: 0 | I100: 0 | L100: 0 | O100: 0
E101: Vidas canceladas | G101: 0 | I101: 0 | L101: 0 | O101: 0
E102: % cancelamento | G102: 0 | I102: 0 | L102: 0 | O102: 0
E103: Cancel. por Inadimplência | G103: 0 | I103: 0 | L103: 0 | O103: 0
E104: Cancel. solicitação cliente | G104: 0 | I104: 0 | L104: 0 | O104: 0
E105: Cancel. Solicitado OPS | F105: 0 | G105: 0 | H105: 0 | I105: 0 | J105: 0 | K105: 0 | L105: 0 | M105: 0 | N105: 0 | O105: 0 | Q105: 0
E106: Exclusão de dependente | F106: 0 | G106: 2 | H106: 3 | I106: 0 | L106: 0 | M106: 0 | N106: 0 | O106: 0 | Q106: 0
E107: Falecimento | F107: 0 | G107: 0 | H107: 0 | I107: 0 | J107: 0 | K107: 0 | L107: 0 | M107: 0 | N107: 0 | O107: 0 | Q107: 0
E108: Outros | F108: 0 | G108: 2 | H108: 0 | I108: 17 | J108: 0 | K108: 1 | L108: 0 | M108: 0 | N108: 1 | O108: 0 | P108: 2 | Q108: 1
E109: Faturamento Emitido | F109: 59937 | G109: 60613.09 | H109: 70786.12 | I109: 61952.92 | J109: 62148.61 | K109: 67648.23 | L109: 69757.59 | M109: 77066.82 | N109: 69355.96 | O109: 77681.45 | P109: 84949.26 | Q109: 85349.82
E110: Faturamento Recebido | F110: 43153.56 | G110: 39289.21 | H110: 49392.3 | I110: 48344.77 | J110: 49028.56 | K110: 56371.53 | L110: 55578.4 | M110: 62241.36 | N110: 59461.96 | O110: 65051.95 | P110: 66880.93 | Q110: 70608.28
E111: Inadimplência | F111: =IFERROR((1-F110/F109),0) -> 0.28001802 | G111: =IFERROR((1-G110/G109),0) -> 0.35180322 | H111: =IFERROR((1-H110/H109),0) -> 0.30223185 | I111: =IFERROR((1-I110/I109),0) -> 0.21965308 | J111: =IFERROR((1-J110/J109),0) -> 0.2111077 | K111: =IFERROR((1-K110/K109),0) -> 0.16669616 | L111: =IFERROR((1-L110/L109),0) -> 0.20326376 | M111: =IFERROR((1-M110/M109),0) -> 0.1923715 | ... Q111: =IFERROR((1-Q110/Q109),0) -> 0.17271905
E112: Vendas | F112: 30 | G112: 40 | H112: 49 | I112: 39 | J112: 49 | K112: 67 | L112: 64 | M112: 46 | N112: 4 | O112: 47 | P112: 51 | Q112: 38
...

Sheet Relatório Indicadores 23
E10: Indicador | F10: Jan | G10: Fev | H10: Mar | I10: Abr | J10: Mai | K10: Jun | L10: Jul | M10: Ago | N10: Set | O10: Out | P10: Nov | Q10: Dez
F11: 67796 | G11: =F14-G17+G28 -> 36636 | H11: =G14-H17+H28 -> 35117 | I11: =H14-I17+I28 -> 33990 | J11: =I14-J17+J28 -> 32946 | K11: =J14-K17+K28 -> 31039 | L11: =K14-L17+L28 -> 29027 | M11: =L14-M17+M28 -> 27431 | N11: =M14-N17+N28 -> 25624 | ... P11: =O14-P17+P28 -> 22245
F12: =F14-F11 -> -30195 | G12: =G14-G11 -> -80 | H12: =H14-H11 -> 2 | I12: =I14-I11 -> -30 | J12: =J14-J11 -> -105 | K12: =K14-K11 -> -4 | L12: =L14-L11 -> -11 | M12: =M14-M11 -> -276 | ... P12: =P14-P11 -> -7
E13: Meta orçada | F13: 39350.241 | G13: 39450.241 | H13: 39850.241 | I13: 40050.241 | J13: 40350.241 | K13: 40600.241 | L13: 39500.241 | M13: 40000.241 | N13: 40400.241 | O13: 40800.241 | P13: 41600.241 | Q13: 42250.241
E14: Base Vidas | F14: =SUM(F15:F16) -> 37601 | G14: =SUM(G15:G16) -> 36556 | H14: =SUM(H15:H16) -> 35119 | I14: =SUM(I15:I16) -> 33960 | J14: =SUM(J15:J16) -> 32841 | K14: =SUM(K15:K16) -> 31035 | L14: =SUM(L15:L16) -> 29016 | M14: =SUM(M15:M16) -> 27155 | ... Q14: =SUM(Q15:Q16) -> 21201
E15: Base Dental | F15: 1554 | G15: 1582 | H15: 1551 | I15: 1513 | J15: 1497 | K15: 1459 | L15: 1368 | M15: 1345 | N15: 1304 | O15: 1250 | P15: 1207 | Q15: 1170
E16: Base Saúde | F16: 36047 | G16: 34974 | H16: 33568 | I16: 32447 | J16: 31344 | K16: 29576 | L16: 27648 | M16: 25810 | N16: 24150 | O16: 22498 | P16: 21031 | Q16: 20031
E17: Vidas canceladas | F17: 1571 | G17: =SUM(G20:G24) -> 1489 | H17: =SUM(H20:H24) -> 1857 | I17: =SUM(I20:I24) -> 1461 | J17: =SUM(J20:J24) -> 1303 | K17: =SUM(K20:K24) -> 2007 | L17: =SUM(L20:L24) -> 2639 | M17: =SUM(M20:M24) -> 1912 | N17: =SUM(N20:N24) -> 1700 | ... Q17: =SUM(Q20:Q24) -> 1068
E18: Retenção | F18: 406 | G18: 221 | H18: 1583 | I18: 646 | J18: 262 | K18: 274 | L18: 578 | M18: 227 | N18: 86 | O18: 226 | P18: 196 | Q18: 90
E19: % cancelamento | F19: 0.040534613 | G19: =IFERROR(G17/F14,0) -> 0.039600011 | H19: =IFERROR(H17/G14,0) -> 0.050798774 | I19: =IFERROR(I17/H14,0) -> 0.041601412 | J19: =IFERROR(J17/I14,0) -> 0.038368669 | K19: =IFERROR(K17/J14,0) -> 0.061112634 | L19: =IFERROR(L17/K14,0) -> 0.085033027 | M19: =IFERROR(M17/L14,0) -> 0.065894679 | N19: =IFERROR(N17/M14,0) -> 0.062603572 | ... R19: =IFERROR(R17/Q14,0) -> 0
E20: Cancel. por Inadimplência | F20: 450 | G20: 389 | H20: 400 | I20: 464 | J20: 327 | K20: 331 | L20: 353 | M20: 361 | N20: 549 | O20: 384 | P20: 482 | Q20: 231
E21: Cancel. solicitação cliente | F21: 819 | G21: 802 | H21: 1042 | I21: 728 | J21: 718 | K21: 1164 | L21: 1708 | M21: 1171 | N21: 849 | O21: 978 | P21: 597 | Q21: 28
E22: Cancel. Solicitado OPS | F22: 218 | G22: 252 | H22: 357 | I22: 246 | J22: 0 | K22: 0 | L22: 520 | M22: 0 | N22: 0 | O22: 0 | P22: 0 | Q22: 0
E23: Óbito | F23: 8 | G23: 8 | H23: 4 | I23: 6 | J23: 7 | K23: 5 | L23: 9 | M23: 7 | N23: 2 | O23: 5 | P23: 6 | Q23: 0
E24: Outros | F24: 76 | G24: 38 | H24: 54 | I24: 17 | J24: 251 | K24: 507 | L24: 49 | M24: 373 | N24: 300 | O24: 310 | P24: 481 | Q24: 809
E25: Faturamento Emitido | F25: 30283887 | G25: 29226831 | H25: 29775808 | I25: 28470540 | J25: 27912180 | K25: 26912758 | L25: 27701740 | M25: 26066020 | N25: 24533308 | O25: 23577275 | P25: 22552505 | Q25: 21566158
E26: Faturamento Recebido | F26: 27909309 | G26: 26177577 | H26: 27151350 | I26: 25405490 | J26: 25323822 | K26: 24361742 | L26: 24828370 | M26: 23721421 | N26: 22432856 | O26: 21630791 | P26: 20768599 | Q26: 19720133
E27: Inadimplência do fechamento do mês | F27: =IFERROR((1-F26/F25),0) -> 0.078410613 | G27: =IFERROR((1-G26/G25),0) -> 0.10433065 | H27: =IFERROR((1-H26/H25),0) -> 0.088140589 | I27: =IFERROR((1-I26/I25),0) -> 0.1076569 | J27: =IFERROR((1-J26/J25),0) -> 0.092732215 | K27: =IFERROR((1-K26/K25),0) -> 0.094788351 | L27: =IFERROR((1-L26/L25),0) -> 0.10372525 | M27: =IFERROR((1-M26/M25),0) -> 0.089948499 | ... Q27: =IFERROR((1-Q26/Q25),0) -> 0.085598195
E28: Vendas | F28: 457 | G28: 524 | H28: 418 | I28: 332 | J28: 289 | K28: 205 | L28: 631 | M28: 327 | N28: 169 | O28: 41 | P28: 63 | Q28: 53
E29: Ticket médio | F29: =IFERROR(F25/F14,0) -> 805.40111 | G29: =IFERROR(G25/G14,0) -> 799.50845 | H29: =IFERROR(H25/H14,0) -> 847.85465 | I29: =IFERROR(I25/I14,0) -> 838.35512 | J29: =IFERROR(J25/J14,0) -> 849.9187 | K29: =IFERROR(K25/K14,0) -> 867.17441 | L29: =IFERROR(L25/L14,0) -> 954.70569 | M29: =IFERROR(M25/M14,0) -> 959.89762 | ... Q29: =IFERROR(Q25/Q14,0) -> 1017.2236
E30: Comissão Concessionárias | F30: 481797.36 | G30: 438472.98 | H30: 463109.63 | I30: 372012.98 | J30: 389753.54 | K30: 286807.47 | L30: 0 | M30: 0 | N30: 0 | O30: 0 | P30: 0 | Q30: 0
E31: Bonificação Corretores/supervisores | F31: 62176 | G31: 0 | H31: 0 | I31: 0 | J31: 0 | K31: 0 | L31: 0 | M31: 0 | N31: 0 | O31: 0 | P31: 0 | Q31: 0
F33: 10698 | G33: =F37-G40+G51 -> 11021 | H33: =G37-H40+H51 -> 11069 | I33: =H37-I40+I51 -> 11255 | J33: =I37-J40+J51 -> 11341 | K33: =J37-K40+K51 -> 11277 | L33: =K37-L40+L51 -> 10798 | M33: =L37-M40+M51 -> 10858 | N33: =M37-N40+N51 -> 10761 | ... P33: =O37-P40+P51 -> 10394
F34: =F37-F33 -> 40 | G34: =G37-G33 -> 2 | H34: =H37-H33 -> 22 | I34: =I37-I33 -> 8 | J34: =J37-J33 -> 6 | K34: =K37-K33 -> 21 | L34: =L37-L33 -> 29 | M34: =M37-M33 -> -20 | ... P34: =P37-P33 -> 25
E35: Indicador | F35: Jan | G35: Fev | H35: Mar | I35: Abr | J35: Mai | K35: Jun | L35: Jul | M35: Ago | N35: Set | O35: Out | P35: Nov | Q35: Dez
E36: Meta orçada | F36: 10878.487 | G36: 11078.487 | H36: 11329.672 | I36: 11579.672 | J36: 11829.502 | K36: 11929.502 | L36: 12933.027 | M36: 13635.424 | N36: 14087.222 | O36: 14339.666 | P36: 14594.02 | Q36: 14795.474
E37: Base Vidas | F37: =SUM(F38:F39) -> 10738 | G37: =SUM(G38:G39) -> 11023 | H37: =SUM(H38:H39) -> 11091 | I37: =SUM(I38:I39) -> 11263 | J37: =SUM(J38:J39) -> 11347 | K37: =SUM(K38:K39) -> 11298 | L37: =SUM(L38:L39) -> 10827 | M37: =SUM(M38:M39) -> 10838 | ... Q37: =SUM(Q38:Q39) -> 10350
E38: Base Dental | F38: 415 | G38: 573 | H38: 630 | I38: 662 | J38: 684 | K38: 662 | L38: 587 | M38: 448 | N38: 431 | O38: 410 | P38: 388 | Q38: 407
E39: Base Saúde | F39: 10323 | G39: 10450 | H39: 10461 | I39: 10601 | J39: 10663 | K39: 10636 | L39: 10240 | M39: 10390 | N39: 10341 | O39: 10221 | P39: 10031 | Q39: 9943
E40: Vidas canceladas | F40: 720 | G40: =SUM(G43:G47) -> 595 | H40: =SUM(H43:H47) -> 573 | I40: =SUM(I43:I47) -> 529 | J40: =SUM(J43:J47) -> 509 | K40: =SUM(K43:K47) -> 623 | L40: =SUM(L43:L47) -> 1208 | M40: =SUM(M43:M47) -> 1031 | N40: =SUM(N43:N47) -> 871 | ... Q40: =SUM(Q43:Q47) -> 527
E41: Retenção | F41: 213 | G41: 114 | H41: 192 | I41: 113 | J41: 70 | K41: 53 | L41: 155 | M41: 111 | N41: 89 | O41: 71 | P41: 105 | Q41: 62
E42: % cancelamento | F42: 0.06814955 | G42: =IFERROR(G40/F37,0) -> 0.055410691 | H42: =IFERROR(H40/G37,0) -> 0.051982219 | I42: =IFERROR(I40/H37,0) -> 0.04769633 | J42: =IFERROR(J40/I37,0) -> 0.045192222 | K42: =IFERROR(K40/J37,0) -> 0.05490438 | L42: =IFERROR(L40/K37,0) -> 0.10692158 | M42: =IFERROR(M40/L37,0) -> 0.095224901 | N42: =IFERROR(N40/M37,0) -> 0.080365381 | ... Q42: =IFERROR(Q40/P37,0) -> 0.05058067
E43: Cancel. por Inadimplência | F43: 306 | G43: 294 | H43: 316 | I43: 322 | J43: 260 | K43: 220 | L43: 275 | M43: 390 | N43: 438 | O43: 344 | P43: 337 | Q43: 277
E44: Cancel. solicitação cliente | F44: 313 | G44: 202 | H44: 200 | I44: 150 | J44: 196 | K44: 305 | L44: 713 | M44: 480 | N44: 328 | O44: 250 | P44: 166 | Q44: 8
E45: Cancel. Solicitado OPS | F45: 87 | G45: 81 | H45: 51 | I45: 57 | J45: 0 | K45: 0 | L45: 217 | M45: 0 | N45: 0 | O45: 0 | P45: 0 | Q45: 0
E46: Óbito | F46: 0 | G46: 1 | H46: 1 | I46: 0 | J46: 0 | K46: 1 | L46: 0 | M46: 3 | N46: 0 | O46: 1 | P46: 0 | Q46: 2
E47: Outros | F47: 14 | G47: 17 | H47: 5 | I47: 0 | J47: 53 | K47: 97 | L47: 3 | M47: 158 | N47: 105 | O47: 106 | P47: 103 | Q47: 240
E48: Faturamento Emitido | F48: 4073303.1 | G48: 4097778.1 | H48: 4116664.5 | I48: 4160236.5 | J48: 4199878 | K48: 4268066 | L48: 4957215.7 | M48: 4862602.8 | N48: 4765295.8 | O48: 4678540.6 | P48: 4578527.7 | Q48: 4529750.1
E49: Faturamento Recebido | F49: 3585404.1 | G49: 3437176.5 | H49: 3590883 | I49: 3431928.6 | J49: 3632212.5 | K49: 3696556.5 | L49: 4131524.7 | M49: 4164095.1 | N49: 4104221 | O49: 4075821.4 | P49: 3970420.1 | Q49: 3889603.3
E50: Inadimplência do fechamento do mês | F50: =IFERROR((1-F49/F48),0) -> 0.1197797 | G50: =IFERROR((1-G49/G48),0) -> 0.16120969 | H50: =IFERROR((1-H49/H48),0) -> 0.12772026 | I50: =IFERROR((1-I49/I48),0) -> 0.17506406 | J50: =IFERROR((1-J49/J48),0) -> 0.13516237 | K50: =IFERROR((1-K49/K48),0) -> 0.13390362 | L50: =IFERROR((1-L49/L48),0) -> 0.16656347 | M50: =IFERROR((1-M49/M48),0) -> 0.14364893 | ... Q50: =IFERROR((1-Q49/Q48),0) -> 0.14132056
E51: Vendas | F51: 889 | G51: 878 | H51: 619 | I51: 693 | J51: 587 | K51: 553 | L51: 708 | M51: 1062 | N51: 794 | O51: 526 | P51: 369 | Q51: 423
E52: Ticket médio | F52: =IFERROR(F48/F37,0) -> 379.33536 | G52: =IFERROR(G48/G37,0) -> 371.74799 | H52: =IFERROR(H48/H37,0) -> 371.17162 | I52: =IFERROR(I48/I37,0) -> 369.37197 | J52: =IFERROR(J48/J37,0) -> 370.13114 | K52: =IFERROR(K48/K37,0) -> 377.77182 | L52: =IFERROR(L48/L37,0) -> 457.85681 | M52: =IFERROR(M48/M37,0) -> 448.66238 | ... Q52: =IFERROR(Q48/Q37,0) -> 437.65701
E53: Comissão Concessionárias | F53: 204226.43 | G53: 206500.64 | H53: 207338.21 | I53: 180162 | J53: 222479.95 | K53: 155209.36 | L53: 0 | M53: 0 | N53: 0 | O53: 0 | P53: 0 | Q53: 0
E54: Bonificação Corretores/supervisores | F54: 143550 | G54: 0 | H54: 0 | I54: 0 | J54: 0 | K54: 0 | L54: 0 | M54: 0 | N54: 0 | O54: 0 | P54: 0 | Q54: 0
F56: 40 | G56: =F59-G62+G73 -> 23 | H56: =G59-H62+H73 -> 22 | I56: =H59-I62+I73 -> 20 | J56: =I59-J62+J73 -> 20 | K56: =J59-K62+K73 -> 20 | L56: =K59-L62+L73 -> 20 | M56: =L59-M62+M73 -> 20 | N56: =M59-N62+N73 -> 20 | ... P56: =O59-P62+P73 -> 20
F57: =F59-F56 -> -17 | G57: =G59-G56 -> -1 | H57: =H59-H56 -> 0 | I57: =I59-I56 -> 0 | J57: =J59-J56 -> 0 | K57: =K59-K56 -> 0 | L57: =L59-L56 -> 0 | M57: =M59-M56 -> 0 | ... P57: =P59-P56 -> 0
E58: Indicador | F58: Jan | G58: Fev | H58: Mar | I58: Abr | J58: Mai | K58: Jun | L58: Jul | M58: Ago | N58: Set | O58: Out | P58: Nov | Q58: Dez
E59: Base Vidas | F59: =SUM(F60:F61) -> 23 | G59: =SUM(G60:G61) -> 22 | H59: =SUM(H60:H61) -> 22 | I59: =SUM(I60:I61) -> 20 | J59: =SUM(J60:J61) -> 20 | K59: =SUM(K60:K61) -> 20 | L59: =SUM(L60:L61) -> 20 | M59: =SUM(M60:M61) -> 20 | ... Q59: =SUM(Q60:Q61) -> 20
E60: Base Dental | F60: 0 | G60: 0 | H60: 0 | I60: 0 | J60: 0 | K60: 0 | L60: 0 | M60: 0 | N60: 0 | O60: 0 | P60: 0 | Q60: 0
E61: Base Saúde | F61: 23 | G61: 22 | H61: 22 | I61: 20 | J61: 20 | K61: 20 | L61: 20 | M61: 20 | N61: 20 | O61: 20 | P61: 20 | Q61: 20
E62: Vidas canceladas | F62: =SUM(F65:F69) -> 0 | G62: =SUM(G65:G69) -> 0 | H62: =SUM(H65:H69) -> 0 | I62: =SUM(I65:I69) -> 2 | J62: =SUM(J65:J69) -> 0 | K62: =SUM(K65:K69) -> 0 | L62: =SUM(L65:L69) -> 0 | M62: =SUM(M65:M69) -> 0 | ... Q62: =SUM(Q65:Q69) -> 0
E63: Retenção | F63: 0 | G63: 0 | H63: 0 | I63: 0 | J63: 0 | K63: 0 | L63: 0 | M63: 0 | N63: 0 | O63: 0 | P63: 0 | Q63: 0
E64: % cancelamento | F64: 0 | G64: =IFERROR(G62/F59,0) -> 0 | H64: =IFERROR(H62/G59,0) -> 0 | I64: =IFERROR(I62/H59,0) -> 0.090909091 | J64: =IFERROR(J62/I59,0) -> 0 | K64: =IFERROR(K62/J59,0) -> 0 | L64: =IFERROR(L62/K59,0) -> 0 | M64: =IFERROR(M62/L59,0) -> 0 | N64: =IFERROR(N62/M59,0) -> 0 | ... Q64: =IFERROR(Q62/P59,0) -> 0
E65: Cancel. por Inadimplência | F65: 0 | G65: 0 | H65: 0 | I65: 0 | J65: 0 | K65: 0 | L65: 0 | M65: 0 | N65: 0 | O65: 0 | P65: 0 | Q65: 0
E66: Cancel. solicitação cliente | F66: 0 | G66: 0 | H66: 0 | I66: 2 | J66: 0 | K66: 0 | L66: 0 | M66: 0 | N66: 0 | O66: 0 | P66: 0 | Q66: 0
E67: Cancel. Solicitado OPS | F67: 0 | G67: 0 | H67: 0 | I67: 0 | J67: 0 | K67: 0 | L67: 0 | M67: 0 | N67: 0 | O67: 0 | P67: 0 | Q67: 0
E68: Óbito | F68: 0 | G68: 0 | H68: 0 | I68: 0 | J68: 0 | K68: 0 | L68: 0 | M68: 0 | N68: 0 | O68: 0 | P68: 0 | Q68: 0
E69: Outros | F69: 0 | G69: 0 | H69: 0 | I69: 0 | J69: 0 | K69: 0 | L69: 0 | M69: 0 | N69: 0 | O69: 1 | P69: 0 | Q69: 0
E70: Faturamento Emitido | F70: 21093.44 | G70: 23578.6 | H70: 21665.5 | I70: 20992.43 | J70: 20580.02 | K70: 20580.02 | L70: 20580.02 | M70: 20580.02 | N70: 20580.02 | O70: 21400.57 | P70: 27894.31 | Q70: 27894.31
E71: Faturamento Recebido | F71: 11244.29 | G71: 16725.05 | H71: 14811.95 | I71: 15768.5 | J71: 15768.5 | K71: 15210.16 | L71: 15768.5 | M71: 15768.5 | N71: 15768.5 | O71: 16589.05 | P71: 14088.52 | Q71: 17956.64
E72: Inadimplência do fechamento do mês | F72: =IFERROR((1-F71/F70),0) -> 0.46692953 | G72: =IFERROR((1-G71/G70),0) -> 0.29066823 | H72: =IFERROR((1-H71/H70),0) -> 0.31633473 | I72: =IFERROR((1-I71/I70),0) -> 0.24884828 | J72: =IFERROR((1-J71/J70),0) -> 0.23379569 | K72: =IFERROR((1-K71/K70),0) -> 0.26092589 | L72: =IFERROR((1-L71/L70),0) -> 0.23379569 | M72: =IFERROR((1-M71/M70),0) -> 0.23379569 | ... Q72: =IFERROR((1-Q71/Q70),0) -> 0.35626155
E73: Vendas | F73: 0 | G73: 0 | H73: 0 | I73: 0 | J73: 0 | K73: 0 | L73: 0 | M73: 0 | N73: 0 | O73: 0 | P73: 0 | Q73: 0
E74: Ticket médio | F74: =IFERROR(F70/F59,0) -> 917.10609 | G74: =IFERROR(G70/G59,0) -> 1071.7545 | H74: =IFERROR(H70/H59,0) -> 984.79545 | I74: =IFERROR(I70/I59,0) -> 1049.6215 | J74: =IFERROR(J70/J59,0) -> 1029.001 | K74: =IFERROR(K70/K59,0) -> 1029.001 | L74: =IFERROR(L70/L59,0) -> 1029.001 | M74: =IFERROR(M70/M59,0) -> 1029.001 | ... Q74: =IFERROR(Q70/Q59,0) -> 1394.7155
E75: Comissão Concessionárias | F75: 9.2469 | G75: 0 | H75: 0 | I75: 0 | J75: 0 | K75: 0 | L75: 0 | M75: 0 | N75: 0 | O75: 0 | P75: 0 | Q75: 0
E76: Bonificação Corretores/supervisores | F76: 0 | G76: 0 | H76: 0 | I76: 0 | J76: 0 | K76: 0 | L76: 0 | M76: 0 | N76: 0 | O76: 0 | P76: 0 | Q76: 0
F78: 352 | G78: =F82-G85+#REF! -> #REF! | H78: =G82-H85+#REF! -> #REF! | I78: =H82-I85+#REF! -> #REF! | J78: =I82-J85+#REF! -> #REF! | K78: =J82-K85+#REF! -> #REF! | L78: =K82-L85+L96 -> 678 | M78: =L82-M85+M96 -> 709 | N78: =M82-N85+N96 -> 718 | O78: =N82-O85+O96 -> 671 | P78: =O82-P85+P96 -> 603
F79: =F82-F78 -> 87 | G79: =G82-G78 -> #REF! | H79: =H82-H78 -> #REF! | I79: =I82-I78 -> #REF! | J79: =J82-J78 -> #REF! | K79: =K82-K78 -> #REF! | L79: =L82-L78 -> 0 | M79: =M82-M78 -> 2 | ... P79: =P82-P78 -> -1
E80: Indicador | F80: Jan | G80: Fev | H80: Mar | I80: Abr | J80: Mai | K80: Jun | L80: Jul | M80: Ago | N80: Set | O80: Out | P80: Nov | Q80: Dez
E81: Meta orçada | F81: 410.24938 | G81: 423.24938 | H81: 439.24938 | I81: 454.24938 | J81: 467.24938 | K81: 484.24938 | L81: 497.24938 | M81: 512.24938 | N81: 528.24938 | O81: 529.24938 | P81: 542.24938 | Q81: 556.24016
E82: Base Vidas | F82: =SUM(F83:F84) -> 439 | G82: =SUM(G83:G84) -> 511 | H82: =SUM(H83:H84) -> 540 | I82: =SUM(I83:I84) -> 598 | J82: =SUM(J83:J84) -> 640 | K82: =SUM(K83:K84) -> 662 | L82: =SUM(L83:L84) -> 678 | M82: =SUM(M83:M84) -> 711 | ... Q82: =SUM(Q83:Q84) -> 560
E83: Base Dental | F83: 0 | G83: 0 | H83: 0 | I83: 0 | J83: 0 | K83: 0 | L83: 0 | M83: 0 | N83: 0 | O83: 0 | P83: 0 | Q83: 0
E84: Base Saúde | F84: 439 | G84: 511 | H84: 540 | I84: 598 | J84: 640 | K84: 662 | L84: 678 | M84: 711 | N84: 723 | O84: 679 | P84: 602 | Q84: 560
E85: Vidas canceladas | F85: 45 | G85: =SUM(G88:G92) -> 31 | H85: =SUM(H88:H92) -> 52 | I85: =SUM(I88:I92) -> 60 | J85: =SUM(J88:J92) -> 61 | K85: =SUM(K88:K92) -> 63 | L85: =SUM(L88:L92) -> 58 | M85: =SUM(M88:M92) -> 54 | N85: =SUM(N88:N92) -> 70 | ... Q85: =SUM(Q88:Q92) -> 41
E86: Retenção | F86: 1 | G86: 0 | H86: 12 | I86: 6 | J86: 2 | K86: 2 | L86: 1 | M86: 0 | N86: 2 | O86: 7 | P86: 1 | Q86: 0
E87: % cancelamento | F87: 0.10948905 | G87: =IFERROR(G85/F82,0) -> 0.070615034 | H87: =IFERROR(H85/G82,0) -> 0.10176125 | I87: =IFERROR(I85/H82,0) -> 0.11111111 | J87: =IFERROR(J85/I82,0) -> 0.10200669 | K87: =IFERROR(K85/J82,0) -> 0.0984375 | L87: =IFERROR(L85/K82,0) -> 0.087613293 | M87: =IFERROR(M85/L82,0) -> 0.079646018 | N87: =IFERROR(N85/M82,0) -> 0.098452883 | ... Q87: =IFERROR(Q85/P82,0) -> 0.068106312
E88: Cancel. por Inadimplência | F88: 29 | G88: 14 | H88: 33 | I88: 33 | J88: 39 | K88: 44 | L88: 31 | M88: 38 | N88: 35 | O88: 35 | P88: 57 | Q88: 31
E89: Cancel. solicitação cliente | F89: 13 | G89: 16 | H89: 16 | I89: 26 | J89: 21 | K89: 18 | L89: 26 | M89: 15 | N89: 35 | O89: 54 | P89: 22 | Q89: 0
E90: Cancel. Solicitado OPS | F90: 0 | G90: 0 | H90: 0 | I90: 0 | J90: 0 | K90: 0 | L90: 0 | M90: 0 | N90: 0 | O90: 0 | P90: 0 | Q90: 0
E91: Óbito | F91: 0 | G91: 0 | H91: 0 | I91: 0 | J91: 0 | K91: 0 | L91: 0 | M91: 0 | N91: 0 | O91: 0 | P91: 0 | Q91: 0
E92: Outros | F92: 3 | G92: 1 | H92: 3 | I92: 1 | J92: 1 | K92: 1 | L92: 1 | M92: 1 | N92: 0 | O92: 0 | P92: 4 | Q92: 10
E93: Faturamento Emitido | F93: 92681.32 | G93: 106894.34 | H93: 113607.33 | I93: 125538.34 | J93: 133141.66 | K93: 137898.59 | L93: 140477.25 | M93: 152096.37 | N93: 157467.5 | O93: 172208.71 | P93: 150931.7 | Q93: 141092.46
E94: Faturamento Recebido | F94: 75718.63 | G94: 83568.05 | H94: 93760.35 | I94: 92424.49 | J94: 104544.35 | K94: 112037.33 | L94: 118064.02 | M94: 130215.34 | N94: 124456.32 | O94: 136454.39 | P94: 126972.96 | Q94: 123080.8
E95: Inadimplência do fechamento do mês | F95: =IFERROR((1-F94/F93),0) -> 0.18302167 | G95: =IFERROR((1-G94/G93),0) -> 0.2182182 | H95: =IFERROR((1-H94/H93),0) -> 0.17469806 | I95: =IFERROR((1-I94/I93),0) -> 0.2637748 | J95: =IFERROR((1-J94/J93),0) -> 0.21478859 | K95: =IFERROR((1-K94/K93),0) -> 0.18753825 | L95: =IFERROR((1-L94/L93),0) -> 0.1595506 | M95: =IFERROR((1-M94/M93),0) -> 0.14386293 | ... Q95: =IFERROR((1-Q94/Q93),0) -> 0.12765856
E96: Vendas | F96: 73 | G96: 98 | H96: 77 | I96: 114 | J96: 107 | K96: 84 | L96: 74 | M96: 85 | N96: 77 | O96: 37 | P96: 7 | Q96: 0
E97: Ticket médio | F97: =IFERROR(F93/F82,0) -> 211.11918 | G97: =IFERROR(G93/G82,0) -> 209.18658 | H97: =IFERROR(H93/H82,0) -> 210.38394 | I97: =IFERROR(I93/I82,0) -> 209.93033 | J97: =IFERROR(J93/J82,0) -> 208.03384 | K97: =IFERROR(K93/K82,0) -> 208.30603 | L97: =IFERROR(L93/L82,0) -> 207.19358 | M97: =IFERROR(M93/M82,0) -> 213.91895 | ... Q97: =IFERROR(Q93/Q82,0) -> 251.95082
E98: Comissão Concessionárias | F98: 5914.2226 | G98: 8686.75 | H98: 7262.54 | I98: 7138.72 | J98: 10074.43 | K98: 8488.32 | L98: 0 | M98: 0 | N98: 0 | O98: 0 | P98: 0 | Q98: 0
E99: Bonificação Corretores/supervisores | F99: 3960 | G99: 0 | H99: 0 | I99: 0 | J99: 0 | K99: 0 | L99: 0 | M99: 0 | N99: 0 | O99: 0 | P99: 0 | Q99: 0
F101: 174 | G101: =F105-G108+#REF! -> #REF! | H101: =G105-H108+#REF! -> #REF! | I101: =H105-I108+#REF! -> #REF! | J101: =I105-J108+#REF! -> #REF! | K101: =J105-K108+#REF! -> #REF! | L101: =K105-L108+L119 -> 1044 | M101: =L105-M108+M119 -> 1036 | N101: =M105-N108+N119 -> 1009 | O101: =N105-O108+O119 -> 974 | P101: =O105-P108+P119 -> 948
F102: =F105-F101 -> 612 | G102: =G105-G101 -> #REF! | H102: =H105-H101 -> #REF! | I102: =I105-I101 -> #REF! | J102: =J105-J101 -> #REF! | K102: =K105-K101 -> #REF! | L102: =L105-L101 -> 3 | M102: =M105-M101 -> -5 | ... P102: =P105-P101 -> -2
E103: Indicador | F103: Jan | G103: Fev | H103: Mar | I103: Abr | J103: Mai | K103: Jun | L103: Jul | M103: Ago | N103: Set | O103: Out | P103: Nov | Q103: Dez
E104: Meta orçada | F104: 750.40948 | G104: 855.40948 | H104: 1027.4095 | I104: 1196.4095 | J104: 1293.4095 | K104: 1607.3731 | L104: 1873.7524 | M104: 2151.8476 | N104: 2425.8964 | O104: 2664.6306 | P104: 2890.3449 | Q104: 3087.0306
E105: Base Vidas | F105: =SUM(F106:F107) -> 786 | G105: =SUM(G106:G107) -> 890 | H105: =SUM(H106:H107) -> 970 | I105: =SUM(I106:I107) -> 1061 | J105: =SUM(J106:J107) -> 1124 | K105: =SUM(K106:K107) -> 1152 | L105: =SUM(L106:L107) -> 1047 | M105: =SUM(M106:M107) -> 1031 | ... Q105: =SUM(Q106:Q107) -> 919
E106: Base Dental | F106: 0 | G106: 0 | H106: 0 | I106: 0 | J106: 0 | K106: 0 | L106: 0 | M106: 0 | N106: 0 | O106: 0 | P106: 0 | Q106: 0
E107: Base Saúde | F107: 786 | G107: 890 | H107: 970 | I107: 1061 | J107: 1124 | K107: 1152 | L107: 1047 | M107: 1031 | N107: 1012 | O107: 979 | P107: 946 | Q107: 919
E108: Vidas canceladas | F108: 41 | G108: =SUM(G111:G115) -> 48 | H108: =SUM(H111:H115) -> 49 | I108: =SUM(I111:I115) -> 62 | J108: =SUM(J111:J115) -> 102 | K108: =SUM(K111:K115) -> 101 | L108: =SUM(L111:L115) -> 146 | M108: =SUM(M111:M115) -> 88 | N108: =SUM(N111:N115) -> 81 | ... Q108: =SUM(Q111:Q115) -> 73
E109: Retenção | F109: 4 | G109: 1 | H109: 3 | I109: 1 | J109: 5 | K109: 3 | L109: 2 | M109: 1 | N109: 2 | O109: 8 | P109: 2 | Q109: 3
E110: % cancelamento | F110: 0.059506531 | G110: =IFERROR(G108/F105,0) -> 0.061068702 | H110: =IFERROR(H108/G105,0) -> 0.05505618 | I110: =IFERROR(I108/H105,0) -> 0.063917526 | J110: =IFERROR(J108/I105,0) -> 0.096135721 | K110: =IFERROR(K108/J105,0) -> 0.089857651 | L110: =IFERROR(L108/K105,0) -> 0.12673611 | M110: =IFERROR(M108/L105,0) -> 0.084049666 | N110: =IFERROR(N108/M105,0) -> 0.0785645 | ... Q110: =IFERROR(Q108/P105,0) -> 0.077167019
E111: Cancel. por Inadimplência | F111: 22 | G111: 29 | H111: 24 | I111: 33 | J111: 44 | K111: 56 | L111: 106 | M111: 53 | N111: 60 | O111: 51 | P111: 45 | Q111: 50
E112: Cancel. solicitação cliente | F112: 18 | G112: 16 | H112: 22 | I112: 25 | J112: 53 | K112: 41 | L112: 40 | M112: 15 | N112: 21 | O112: 26 | P112: 26 | Q112: 0
E113: Cancel. Solicitado OPS | F113: 0 | G113: 0 | H113: 3 | I113: 4 | J113: 0 | K113: 0 | L113: 0 | M113: 0 | N113: 0 | O113: 0 | P113: 0 | Q113: 0
...

Sheet Relatório Indicadores 24
E10: Indicador | F10: Jan | G10: Fev | H10: Mar | I10: Abr | J10: Mai | K10: Jun | L10: Jul | M10: Ago | N10: Set | O10: Out | P10: Nov | Q10: Dez
F11: 67796 | G11: 20173 | H11: =G14-H17+H28 -> 18141 | I11: =H14-I17+I28 -> 17186 | J11: =I14-J17+J28 -> 16564 | K11: =J14-K17+K28 -> 15923 | L11: =K14-L17+L28 -> 14301 | M11: =L14-M17+M28 -> 13321 | N11: =M14-N17+N28 -> 12534 | O11: =N14-O17+O28 -> 11792 | P11: =O14-P17+P28 -> 11328
F12: =F14-F11 -> -47573 | G12: 0 | H12: =H14-H11 -> -17 | I12: =I14-I11 -> -34 | J12: =J14-J11 -> -28 | K12: =K14-K11 -> -30 | L12: =L14-L11 -> -118 | M12: =M14-M11 -> -69 | N12: =N14-N11 -> -47 | O12: =O14-O11 -> -38 | P12: =P14-P11 -> -13
E13: Meta orçada | F13: 0 | G13: 0 | H13: 0 | I13: 0 | J13: 0 | K13: 0 | L13: 0 | M13: 0 | N13: 0 | O13: 0 | P13: 0 | Q13: 0
E14: Base Vidas | F14: 20223 | G14: =SUM(G15:G16) -> 19388 | H14: =SUM(H15:H16) -> 18124 | I14: =SUM(I15:I16) -> 17152 | J14: =SUM(J15:J16) -> 16536 | K14: =SUM(K15:K16) -> 15893 | L14: =SUM(L15:L16) -> 14183 | M14: =SUM(M15:M16) -> 13252 | N14: =SUM(N15:N16) -> 12487 | ... Q14: =SUM(Q15:Q16) -> 10916
E15: Base Dental | F15: 1124 | G15: 1105 | H15: 1057 | I15: 1014 | J15: 979 | K15: 949 | L15: 910 | M15: 887 | N15: 853 | O15: 840 | P15: 831 | Q15: 805
E16: Base Saúde | F16: 19099 | G16: 18283 | H16: 17067 | I16: 16138 | J16: 15557 | K16: 14944 | L16: 13273 | M16: 12365 | N16: 11634 | O16: 10914 | P16: 10484 | Q16: 10111
E17: Vidas canceladas | F17: 969 | G17: =SUM(G20:G24) -> 853 | H17: =SUM(H20:H24) -> 1282 | I17: =SUM(I20:I24) -> 948 | J17: =SUM(J20:J24) -> 594 | K17: =SUM(K20:K24) -> 620 | L17: =SUM(L20:L24) -> 1593 | M17: =SUM(M20:M24) -> 868 | N17: =SUM(N20:N24) -> 718 | ... Q17: =SUM(Q20:Q24) -> 341
E18: Retenção | F18: 287 | G18: 579 | H18: 645 | I18: 281 | J18: 238 | K18: 469 | L18: 640 | M18: 203 | N18: 264 | O18: 298 | P18: 231 | Q18: 133
E19: % cancelamento | F19: 0.025001935 | G19: 0.0030658161 | H19: =IFERROR(H17/G14,0) -> 0.066123375 | I19: =IFERROR(I17/H14,0) -> 0.052306334 | J19: =IFERROR(J17/I14,0) -> 0.03463153 | K19: =IFERROR(K17/J14,0) -> 0.037493953 | L19: =IFERROR(L17/K14,0) -> 0.10023281 | M19: =IFERROR(M17/L14,0) -> 0.061200028 | N19: =IFERROR(N17/M14,0) -> 0.054180501 | O19: =IFERROR(O17/N14,0) -> 0.056138384 | ... Q19: =IFERROR(Q17/P14,0) -> 0.030136986
E20: Cancel. por Inadimplência | F20: 210 | G20: 155 | H20: 180 | I20: 157 | J20: 114 | K20: 129 | L20: 108 | M20: 117 | N20: 193 | O20: 117 | P20: 86 | Q20: 68
E21: Cancel. solicitação cliente | F21: 580 | G21: 23 | H21: 4 | I21: 0 | J21: 196 | K21: 478 | L21: 1397 | M21: 695 | N21: 471 | O21: 538 | P21: 332 | Q21: 240
E22: Cancel. Solicitado OPS | F22: 147 | G22: 115 | H22: 215 | I22: 101 | J22: 2 | K22: 5 | L22: 83 | M22: 52 | N22: 45 | O22: 44 | P22: 6 | Q22: 24
E23: Óbito | F23: 5 | G23: 5 | H23: 6 | I23: 1 | J23: 4 | K23: 3 | L23: 2 | M23: 3 | N23: 4 | O23: 0 | P23: 0 | Q23: 6
E24: Outros | F24: 27 | G24: 555 | H24: 877 | I24: 689 | J24: 278 | K24: 5 | L24: 3 | M24: 1 | N24: 5 | O24: 2 | P24: 3 | Q24: 3
E25: Faturamento Emitido | F25: 20696311 | G25: 19861347 | H25: 19737965 | I25: 18698622 | J25: 18062551 | K25: 17530789 | L25: 18054362 | M25: 16446949 | N25: 15289253 | O25: 14764066 | P25: 14589464 | Q25: 14070981
E26: Faturamento Recebido | F26: 19080214 | G26: 18421570 | H26: 18279815 | I26: 17154897 | J26: 16886610 | K26: 16123506 | L26: 16110829 | M26: 14730990 | N26: 13787678 | O26: 13413426 | P26: 13249979 | Q26: 12766279
E27: Inadimplência do fechamento do mês | F27: 0.078086247 | G27: 0.94827108 | H27: =IFERROR((1-H26/H25),0) -> 0.073875364 | I27: =IFERROR((1-I26/I25),0) -> 0.082558242 | J27: =IFERROR((1-J26/J25),0) -> 0.065103809 | K27: =IFERROR((1-K26/K25),0) -> 0.08027494 | L27: =IFERROR((1-L26/L25),0) -> 0.10764894 | M27: =IFERROR((1-M26/M25),0) -> 0.10433297 | N27: =IFERROR((1-N26/N25),0) -> 0.098211146 | O27: =IFERROR((1-O26/O25),0) -> 0.091481544 | ... Q27: =IFERROR((1-Q26/Q25),0) -> 0.092722875
E28: Vendas | F28: 45 | G28: 34 | H28: 35 | I28: 10 | J28: 6 | K28: 7 | L28: 1 | M28: 6 | N28: 0 | O28: 6 | P28: 1 | Q28: 1
E29: Ticket médio | F29: 1023.4046 | G29: 659.02166 | H29: =IFERROR(H25/H14,0) -> 1089.0512 | I29: =IFERROR(I25/I14,0) -> 1090.1715 | J29: =IFERROR(J25/J14,0) -> 1092.3168 | K29: =IFERROR(K25/K14,0) -> 1103.051 | L29: =IFERROR(L25/L14,0) -> 1272.9579 | M29: =IFERROR(M25/M14,0) -> 1241.0919 | N29: =IFERROR(N25/N14,0) -> 1224.4137 | O29: =IFERROR(O25/O14,0) -> 1256.0887 | ... Q29: =IFERROR(Q25/Q14,0) -> 1289.0236
E30: Comissão Concessionárias | F30: 0 | G30: 0 | H30: 0 | I30: 0 | J30: 0 | K30: 0 | L30: 0 | M30: 0 | N30: 0 | O30: 0 | P30: 0 | Q30: 0
E31: Bonificação Corretores/supervisores | F31: 0 | G31: 0 | H31: 0 | I31: 0 | J31: 0 | K31: 0 | L31: 0 | M31: 0 | N31: 0 | O31: 0 | P31: 0 | Q31: 0
F33: 10698 | G33: 10487 | H33: =G37-H40+H51 -> 9913 | I33: =H37-I40+I51 -> 9656 | J33: =I37-J40+J51 -> 9506 | K33: =J37-K40+K51 -> 9391 | L33: =K37-L40+L51 -> 7916 | M33: =L37-M40+M51 -> 8857 | N33: =M37-N40+N51 -> 8447 | O33: =N37-O40+O51 -> 8232 | P33: =O37-P40+P51 -> 7971
F34: =F37-F33 -> -489 | G34: 0 | H34: =H37-H33 -> 15 | I34: =I37-I33 -> 34 | J34: =J37-J33 -> 18 | K34: =K37-K33 -> 41 | L34: =L37-L33 -> 1207 | M34: =M37-M33 -> -20 | N34: =N37-N33 -> 11 | O34: =O37-O33 -> 7 | P34: =P37-P33 -> 5
E35: Indicador | F35: Jan | G35: Fev | H35: Mar | I35: Abr | J35: Mai | K35: Jun | L35: Jul | M35: Ago | N35: Set | O35: Out | P35: Nov | Q35: Dez
E36: Meta orçada | F36: 0 | G36: 0 | H36: 0 | I36: 0 | J36: 0 | K36: 0 | L36: 0 | M36: 0 | N36: 0 | O36: 0 | P36: 0 | Q36: 0
E37: Base Vidas | F37: 10209 | G37: =SUM(G38:G39) -> 10126 | H37: =SUM(H38:H39) -> 9928 | I37: =SUM(I38:I39) -> 9690 | J37: =SUM(J38:J39) -> 9524 | K37: =SUM(K38:K39) -> 9432 | L37: =SUM(L38:L39) -> 9123 | M37: =SUM(M38:M39) -> 8837 | N37: =SUM(N38:N39) -> 8458 | ... Q37: =SUM(Q38:Q39) -> 7784
E38: Base Dental | F38: 388 | G38: 379 | H38: 379 | I38: 359 | J38: 363 | K38: 359 | L38: 375 | M38: 338 | N38: 343 | O38: 339 | P38: 328 | Q38: 330
E39: Base Saúde | F39: 9821 | G39: 9747 | H39: 9549 | I39: 9331 | J39: 9161 | K39: 9073 | L39: 8748 | M39: 8499 | N39: 8115 | O39: 7900 | P39: 7648 | Q39: 7454
E40: Vidas canceladas | F40: 532 | G40: =SUM(G43:G47) -> 484 | H40: =SUM(H43:H47) -> 544 | I40: =SUM(I43:I47) -> 622 | J40: =SUM(J43:J47) -> 455 | K40: =SUM(K43:K47) -> 571 | L40: =SUM(L43:L47) -> 2609 | M40: =SUM(M43:M47) -> 656 | N40: =SUM(N43:N47) -> 657 | ... Q40: =SUM(Q43:Q47) -> 297
E41: Retenção | F41: 92 | G41: 57 | H41: 139 | I41: 79 | J41: 48 | K41: 287 | L41: 255 | M41: 109 | N41: 65 | O41: 56 | P41: 45 | Q41: 37
E42: % cancelamento | F42: 0.050354946 | G42: 0.0023508669 | H42: =IFERROR(H40/G37,0) -> 0.053723089 | I42: =IFERROR(I40/H37,0) -> 0.062651088 | J42: =IFERROR(J40/I37,0) -> 0.046955624 | K42: =IFERROR(K40/J37,0) -> 0.059953801 | L42: =IFERROR(L40/K37,0) -> 0.27661154 | M42: =IFERROR(M40/L37,0) -> 0.071906171 | N42: =IFERROR(N40/M37,0) -> 0.074346498 | O42: =IFERROR(O40/N37,0) -> 0.049538898 | ... Q42: =IFERROR(Q40/P37,0) -> 0.03723671
E43: Cancel. por Inadimplência | F43: 251 | G43: 223 | H43: 229 | I43: 246 | J43: 202 | K43: 202 | L43: 196 | M43: 217 | N43: 321 | O43: 188 | P43: 177 | Q43: 122
E44: Cancel. solicitação cliente | F44: 229 | G44: 9 | H44: 1 | I44: 0 | J44: 89 | K44: 258 | L44: 1079 | M44: 327 | N44: 213 | O44: 186 | P44: 156 | Q44: 136
E45: Cancel. Solicitado OPS | F45: 51 | G45: 55 | H45: 52 | I45: 54 | J45: 46 | K45: 57 | L45: 142 | M45: 90 | N45: 65 | O45: 43 | P45: 55 | Q45: 38
E46: Óbito | F46: 0 | G46: 1 | H46: 2 | I46: 0 | J46: 0 | K46: 0 | L46: 0 | M46: 1 | N46: 0 | O46: 0 | P46: 0 | Q46: 1
E47: Outros | F47: 1 | G47: 196 | H47: 260 | I47: 322 | J47: 118 | K47: 54 | L47: 1192 | M47: 21 | N47: 58 | O47: 2 | P47: 3 | Q47: 0
E48: Faturamento Emitido | F48: 4468101.8 | G48: 4417062.2 | H48: 4364064.5 | I48: 4261267 | J48: 4157318.8 | K48: 4114843.1 | L48: 4704675.8 | M48: 4590624.7 | N48: 4388274.1 | O48: 4273680.8 | P48: 4119052.6 | Q48: 4015079.1
E49: Faturamento Recebido | F49: 3896540.9 | G49: 3877393.6 | H49: 3798805.2 | I49: 3728914.9 | J49: 3742180.8 | K49: 3588679.4 | L49: 4044753.8 | M49: 3990550.5 | N49: 3833540.5 | O49: 3827804.5 | P49: 3632552.4 | Q49: 3504147.5
E50: Inadimplência do fechamento do mês | F50: 0.1279203 | G50: 0.94202669 | H50: =IFERROR((1-H49/H48),0) -> 0.12952587 | I50: =IFERROR((1-I49/I48),0) -> 0.12492814 | J50: =IFERROR((1-J49/J48),0) -> 0.099857139 | K50: =IFERROR((1-K49/K48),0) -> 0.12786969 | L50: =IFERROR((1-L49/L48),0) -> 0.14026939 | M50: =IFERROR((1-M49/M48),0) -> 0.13071732 | N50: =IFERROR((1-N49/N48),0) -> 0.12641271 | O50: =IFERROR((1-O49/O48),0) -> 0.10433074 | ... Q50: =IFERROR((1-Q49/Q48),0) -> 0.12725321
E51: Vendas | F51: 369 | G51: 392 | H51: 331 | I51: 350 | J51: 271 | K51: 438 | L51: 1093 | M51: 390 | N51: 267 | O51: 193 | P51: 123 | Q51: 135
E52: Ticket médio | F52: 437.66302 | G52: 240.34756 | H52: =IFERROR(H48/H37,0) -> 439.57136 | I52: =IFERROR(I48/I37,0) -> 439.75924 | J52: =IFERROR(J48/J37,0) -> 436.50974 | K52: =IFERROR(K48/K37,0) -> 436.26411 | L52: =IFERROR(L48/L37,0) -> 515.69394 | M52: =IFERROR(M48/M37,0) -> 519.47773 | N52: =IFERROR(N48/N37,0) -> 518.83118 | O52: =IFERROR(O48/O37,0) -> 518.71353 | ... Q52: =IFERROR(Q48/Q37,0) -> 515.81181
E53: Comissão Concessionárias | F53: 0 | G53: 0 | H53: 0 | I53: 0 | J53: 0 | K53: 0 | L53: 0 | M53: 0 | N53: 0 | O53: 0 | P53: 0 | Q53: 0
E54: Bonificação Corretores/supervisores | F54: 0 | G54: 0 | H54: 0 | I54: 0 | J54: 0 | K54: 0 | L54: 0 | M54: 0 | N54: 0 | O54: 0 | P54: 0 | Q54: 0
F56: 40 | G56: 20 | H56: =G59-H62+H73 -> 23 | I56: =H59-I62+I73 -> 23 | J56: =I59-J62+J73 -> 21 | K56: =J59-K62+K73 -> 21 | L56: =K59-L62+L73 -> 21 | M56: =L59-M62+M73 -> 18 | N56: =M59-N62+N73 -> 18 | O56: =N59-O62+O73 -> 16 | P56: =O59-P62+P73 -> 16
F57: =F59-F56 -> -20 | G57: 0 | H57: =H59-H56 -> 0 | I57: =I59-I56 -> -1 | J57: =J59-J56 -> 1 | K57: =K59-K56 -> 0 | L57: =L59-L56 -> -3 | M57: =M59-M56 -> 0 | N57: =N59-N56 -> 0 | O57: =O59-O56 -> 0 | P57: =P59-P56 -> 0
E58: Indicador | F58: Jan | G58: Fev | H58: Mar | I58: Abr | J58: Mai | K58: Jun | L58: Jul | M58: Ago | N58: Set | O58: Out | P58: Nov | Q58: Dez
E59: Base Vidas | F59: 20 | G59: =SUM(G60:G61) -> 23 | H59: =SUM(H60:H61) -> 23 | I59: =SUM(I60:I61) -> 22 | J59: =SUM(J60:J61) -> 22 | K59: =SUM(K60:K61) -> 21 | L59: =SUM(L60:L61) -> 18 | M59: =SUM(M60:M61) -> 18 | N59: =SUM(N60:N61) -> 18 | ... Q59: =SUM(Q60:Q61) -> 15
E60: Base Dental | F60: 0 | G60: 0 | H60: 0 | I60: 0 | J60: 0 | K60: 0 | L60: 0 | M60: 0 | N60: 0 | O60: 0 | P60: 0 | Q60: 0
E61: Base Saúde | F61: 20 | G61: 23 | H61: 23 | I61: 22 | J61: 22 | K61: 21 | L61: 18 | M61: 18 | N61: 18 | O61: 16 | P61: 16 | Q61: 15
E62: Vidas canceladas | F62: 0 | G62: =SUM(G65:G69) -> 1 | H62: =SUM(H65:H69) -> 0 | I62: =SUM(I65:I69) -> 0 | J62: =SUM(J65:J69) -> 1 | K62: =SUM(K65:K69) -> 1 | L62: =SUM(L65:L69) -> 0 | M62: =SUM(M65:M69) -> 0 | N62: =SUM(N65:N69) -> 0 | ... Q62: =SUM(Q65:Q69) -> 1
E63: Retenção | F63: 0 | G63: 0 | H63: 0 | I63: 0 | J63: 0 | K63: 0 | L63: 0 | M63: 0 | N63: 0 | O63: 0 | P63: 1 | Q63: 0
E64: % cancelamento | F64: 0 | G64: 0 | H64: 0 | I64: 1 | J64: 0 | K64: 0 | L64: 2 | M64: 0 | N64: 0 | O64: 1 | P64: 0 | Q64: =IFERROR(Q62/P59,0) -> 0.0625
E65: Cancel. por Inadimplência | F65: 0 | G65: 0 | H65: 0 | I65: 0 | J65: 0 | K65: 0 | L65: 0 | M65: 0 | N65: 0 | O65: 2 | P65: 0 | Q65: 0
E66: Cancel. solicitação cliente | F66: 0 | G66: 0 | H66: 0 | I66: 0 | J66: 0 | K66: 1 | L66: 0 | M66: 0 | N66: 0 | O66: 0 | P66: 0 | Q66: 1
E67: Cancel. Solicitado OPS | F67: 0 | G67: 0 | H67: 0 | I67: 0 | J67: 0 | K67: 0 | L67: 0 | M67: 0 | N67: 0 | O67: 0 | P67: 0 | Q67: 0
E68: Óbito | F68: 0 | G68: 0 | H68: 0 | I68: 0 | J68: 0 | K68: 0 | L68: 0 | M68: 0 | N68: 0 | O68: 0 | P68: 0 | Q68: 0
E69: Outros | F69: 0 | G69: 1 | H69: 0 | I69: 0 | J69: 1 | K69: 0 | L69: 0 | M69: 0 | N69: 0 | O69: 0 | P69: 0 | Q69: 0
E70: Faturamento Emitido | F70: 29480.37 | G70: 29488.59 | H70: 29480.37 | I70: 26957.78 | J70: 27112.94 | K70: 17090.4 | L70: 21063.33 | M70: 21063.33 | N70: 21063.33 | O70: 18881.36 | P70: 22496.71 | Q70: 21374.77
E71: Faturamento Recebido | F71: 14838.14 | G71: 19731.58 | H71: 19542.7 | I71: 14838.14 | J71: 17020.11 | K71: 12414.55 | L71: 15829.74 | M71: 15829.74 | N71: 15829.74 | O71: 15829.74 | P71: 13936.17 | Q71: 12814.23
E72: Inadimplência do fechamento do mês | F72: 0 | G72: 0 | H72: 0 | I72: 0 | J72: 0 | K72: 0 | L72: 0 | M72: 0 | N72: 0 | O72: 0 | P72: 0 | Q72: 0
E73: Vendas | F73: 0 | G73: 0 | H73: 0 | I73: 0 | J73: 0 | K73: 0 | L73: 0 | M73: 0 | N73: 0 | O73: 0 | P73: 0 | Q73: 0
E74: Ticket médio | F74: 0 | G74: 0 | H74: 0 | I74: 0 | J74: 0 | K74: 0 | L74: 0 | M74: 0 | N74: 0 | O74: 0 | P74: 0 | Q74: 0
E75: Comissão Concessionárias | F75: 0 | G75: 0 | H75: =IFERROR(H71/H60,0) -> 0 | I75: =IFERROR(I71/I60,0) -> 0 | J75: =IFERROR(J71/J60,0) -> 0 | K75: =IFERROR(K71/K60,0) -> 0 | L75: =IFERROR(L71/L60,0) -> 0 | M75: =IFERROR(M71/M60,0) -> 0 | N75: =IFERROR(N71/N60,0) -> 0 | O75: =IFERROR(O71/O60,0) -> 0 | ... Q75: =IFERROR(Q71/Q60,0) -> 0
E76: Bonificação Corretores/supervisores | F76: 0 | G76: 0 | H76: 0 | I76: 0 | J76: 0 | K76: 0 | L76: 0 | M76: 0 | N76: 0 | O76: 0 | P76: 0 | Q76: 0
F77: 0 | G77: 0 | H77: 0 | I77: 0 | J77: 0 | K77: 0 | L77: 0 | M77: 0 | N77: 0 | O77: 0 | P77: 0 | Q77: 0
F78: 352 | G78: #REF! | H78: =G82-H85+#REF! -> #REF! | I78: =H82-I85+#REF! -> #REF! | J78: =I82-J85+#REF! -> #REF! | K78: =J82-K85+#REF! -> #REF! | L78: =K82-L85+L96 -> 356 | M78: =L82-M85+M96 -> 339 | N78: =M82-N85+N96 -> 337 | O78: =N82-O85+O96 -> 311 | P78: =O82-P85+P96 -> 303
F79: =F82-F78 -> 175 | G79: #REF! | H79: =H82-H78 -> #REF! | I79: =I82-I78 -> #REF! | J79: =J82-J78 -> #REF! | K79: =K82-K78 -> #REF! | L79: =L82-L78 -> 1 | M79: =M82-M78 -> 0 | N79: =N82-N78 -> -1 | O79: =O82-O78 -> 1 | P79: =P82-P78 -> -1
E80: Indicador | F80: Jan | G80: Fev | H80: Mar | I80: Abr | J80: Mai | K80: Jun | L80: Jul | M80: Ago | N80: Set | O80: Out | P80: Nov | Q80: Dez
E81: Meta orçada | F81: 0 | G81: 0 | H81: 0 | I81: 0 | J81: 0 | K81: 0 | L81: 0 | M81: 0 | N81: 0 | O81: 0 | P81: 0 | Q81: 0
E82: Base Vidas | F82: 527 | G82: =SUM(G83:G84) -> 494 | H82: =SUM(H83:H84) -> 469 | I82: =SUM(I83:I84) -> 425 | J82: =SUM(J83:J84) -> 388 | K82: =SUM(K83:K84) -> 360 | L82: =SUM(L83:L84) -> 357 | M82: =SUM(M83:M84) -> 339 | N82: =SUM(N83:N84) -> 336 | ... Q82: =SUM(Q83:Q84) -> 292
E83: Base Dental | F83: 0 | G83: 0 | H83: 0 | I83: 0 | J83: 0 | K83: 0 | L83: 0 | M83: 0 | N83: 0 | O83: 0 | P83: 0 | Q83: 0
E84: Base Saúde | F84: 527 | G84: 494 | H84: 469 | I84: 425 | J84: 388 | K84: 360 | L84: 357 | M84: 339 | N84: 336 | O84: 312 | P84: 302 | Q84: 292
E85: Vidas canceladas | F85: 34 | G85: =SUM(G88:G92) -> 31 | H85: =SUM(H88:H92) -> 26 | I85: =SUM(I88:I92) -> 40 | J85: =SUM(J88:J92) -> 37 | K85: =SUM(K88:K92) -> 33 | L85: =SUM(L88:L92) -> 24 | M85: =SUM(M88:M92) -> 27 | N85: =SUM(N88:N92) -> 21 | ... Q85: =SUM(Q88:Q92) -> 14
E86: Retenção | F86: 2 | G86: 1 | H86: 0 | I86: 2 | J86: 2 | K86: 2 | L86: 0 | M86: 0 | N86: 0 | O86: 0 | P86: 0 | Q86: 1
E87: % cancelamento | F87: 0 | G87: 0.009487666 | H87: =IFERROR(H85/G82,0) -> 0.052631579 | I87: =IFERROR(I85/H82,0) -> 0.085287846 | J87: =IFERROR(J85/I82,0) -> 0.087058824 | K87: =IFERROR(K85/J82,0) -> 0.085051546 | L87: =IFERROR(L85/K82,0) -> 0.066666667 | M87: =IFERROR(M85/L82,0) -> 0.075630252 | N87: =IFERROR(N85/M82,0) -> 0.061946903 | O87: =IFERROR(O85/N82,0) -> 0.11607143 | ... Q87: =IFERROR(Q85/P82,0) -> 0.046357616
E88: Cancel. por Inadimplência | F88: 19 | G88: 9 | H88: 19 | I88: 27 | J88: 21 | K88: 12 | L88: 9 | M88: 9 | N88: 10 | O88: 10 | P88: 10 | Q88: 12
E89: Cancel. solicitação cliente | F89: 15 | G89: 0 | H89: 0 | I89: 0 | J89: 12 | K89: 21 | L89: 14 | M89: 18 | N89: 11 | O89: 29 | P89: 8 | Q89: 2
E90: Cancel. Solicitado OPS | F90: 0 | G90: 0 | H90: 0 | I90: 0 | J90: 0 | K90: 0 | L90: 1 | M90: 0 | N90: 0 | O90: 0 | P90: 0 | Q90: 0
E91: Óbito | F91: 0 | G91: 0 | H91: 0 | I91: 0 | J91: 0 | K91: 0 | L91: 0 | M91: 0 | N91: 0 | O91: 0 | P91: 0 | Q91: 0
E92: Outros | F92: 0 | G92: 22 | H92: 7 | I92: 13 | J92: 4 | K92: 0 | L92: 0 | M92: 0 | N92: 0 | O92: 0 | P92: 0 | Q92: 0
E93: Faturamento Emitido | F93: 133735.63 | G93: 126865.4 | H93: 120295.25 | I93: 110544.63 | J93: 102819.81 | K93: 96104.01 | L93: 93647.73 | M93: 87726.8 | N93: 88012.49 | O93: 90996.23 | P93: 85041.54 | Q93: 83038.64
E94: Faturamento Recebido | F94: 115178.53 | G94: 107408.36 | H94: 100972.32 | I94: 94466.43 | J94: 92547.07 | K94: 85122.08 | L94: 82323.56 | M94: 77196.24 | N94: 76587.02 | O94: 77749.85 | P94: 72938.61 | Q94: 72684.89
E95: Inadimplência do fechamento do mês | F95: 0.13875958 | G95: 0.96785622 | H95: =IFERROR((1-H94/H93),0) -> 0.1606292 | I95: =IFERROR((1-I94/I93),0) -> 0.14544533 | J95: =IFERROR((1-J94/J93),0) -> 0.099910124 | K95: =IFERROR((1-K94/K93),0) -> 0.1142713 | L95: =IFERROR((1-L94/L93),0) -> 0.12092306 | M95: =IFERROR((1-M94/M93),0) -> 0.12003812 | N95: =IFERROR((1-N94/N93),0) -> 0.12981646 | O95: =IFERROR((1-O94/O93),0) -> 0.14557065 | ... Q95: =IFERROR((1-Q94/Q93),0) -> 0.12468593
E96: Vendas | F96: 0 | G96: 0 | H96: 0 | I96: 0 | J96: 0 | K96: 5 | L96: 20 | M96: 9 | N96: 19 | O96: 14 | P96: 9 | Q96: 5
E97: Ticket médio | F97: 253.7678 | G97: 162.15994 | H97: =IFERROR(H93/H82,0) -> 256.49307 | I97: =IFERROR(I93/I82,0) -> 260.10501 | J97: =IFERROR(J93/J82,0) -> 264.99951 | K97: =IFERROR(K93/K82,0) -> 266.95558 | L97: =IFERROR(L93/L82,0) -> 262.31857 | M97: =IFERROR(M93/M82,0) -> 258.78112 | N97: =IFERROR(N93/N82,0) -> 261.94193 | O97: =IFERROR(O93/O82,0) -> 291.65458 | ... Q97: =IFERROR(Q93/Q82,0) -> 284.3789
E98: Comissão Concessionárias | F98: 0 | G98: 0 | H98: 0 | I98: 0 | J98: 0 | K98: 0 | L98: 0 | M98: 0 | N98: 0 | O98: 0 | P98: 0 | Q98: 0
E99: Bonificação Corretores/supervisores | F99: 0 | G99: 0 | H99: 0 | I99: 0 | J99: 0 | K99: 0 | L99: 0 | M99: 0 | N99: 0 | O99: 0 | P99: 0 | Q99: 0
F101: 174 | G101: #REF! | H101: =G105-H108+#REF! -> #REF! | I101: =H105-I108+#REF! -> #REF! | J101: =I105-J108+#REF! -> #REF! | K101: =J105-K108+#REF! -> #REF! | L101: =K105-L108+L119 -> 645 | M101: =L105-M108+M119 -> 612 | N101: =M105-N108+N119 -> 584 | O101: =N105-O108+O119 -> 550 | P101: =O105-P108+P119 -> 538
F102: =F105-F101 -> 685 | G102: #REF! | H102: =H105-H101 -> #REF! | I102: =I105-I101 -> #REF! | J102: =J105-J101 -> #REF! | K102: =K105-K101 -> #REF! | L102: =L105-L101 -> 6 | M102: =M105-M101 -> 1 | N102: =N105-N101 -> 1 | O102: =O105-O101 -> 1 | P102: =P105-P101 -> 8
E103: Indicador | F103: Jan | G103: Fev | H103: Mar | I103: Abr | J103: Mai | K103: Jun | L103: Jul | M103: Ago | N103: Set | O103: Out | P103: Nov | Q103: Dez
E104: Meta orçada | F104: 0 | G104: 0 | H104: 0 | I104: 0 | J104: 0 | K104: 0 | L104: 0 | M104: 0 | N104: 0 | O104: 0 | P104: 0 | Q104: 0
E105: Base Vidas | F105: 859 | G105: =SUM(G106:G107) -> 833 | H105: =SUM(H106:H107) -> 795 | I105: =SUM(I106:I107) -> 775 | J105: =SUM(J106:J107) -> 727 | K105: =SUM(K106:K107) -> 680 | L105: =SUM(L106:L107) -> 651 | M105: =SUM(M106:M107) -> 613 | N105: =SUM(N106:N107) -> 585 | ... Q105: =SUM(Q106:Q107) -> 528
E106: Base Dental | F106: 0 | G106: 0 | H106: 0 | I106: 0 | J106: 0 | K106: 0 | L106: 0 | M106: 0 | N106: 0 | O106: 0 | P106: 0 | Q106: 0
E107: Base Saúde | F107: 859 | G107: 833 | H107: 795 | I107: 775 | J107: 727 | K107: 680 | L107: 651 | M107: 613 | N107: 585 | O107: 551 | P107: 546 | Q107: 528
E108: Vidas canceladas | F108: 82 | G108: =SUM(G111:G115) -> 62 | H108: =SUM(H111:H115) -> 59 | I108: =SUM(I111:I115) -> 50 | J108: =SUM(J111:J115) -> 68 | K108: =SUM(K111:K115) -> 63 | L108: =SUM(L111:L115) -> 45 | M108: =SUM(M111:M115) -> 50 | N108: =SUM(N111:N115) -> 29 | ... Q108: =SUM(Q111:Q115) -> 16
E109: Retenção | F109: 4 | G109: 3 | H109: 3 | I109: 0 | J109: 5 | K109: 2 | L109: 0 | M109: 0 | N109: 0 | O109: 1 | P109: 1 | Q109: 1
E110: % cancelamento | F110: 0 | G110: 0.0081490105 | H110: =IFERROR(H108/G105,0) -> 0.070828331 | I110: =IFERROR(I108/H105,0) -> 0.062893082 | J110: =IFERROR(J108/I105,0) -> 0.087741935 | K110: =IFERROR(K108/J105,0) -> 0.086657497 | L110: =IFERROR(L108/K105,0) -> 0.066176471 | M110: =IFERROR(M108/L105,0) -> 0.076804916 | N110: =IFERROR(N108/M105,0) -> 0.04730832 | O110: =IFERROR(O108/N105,0) -> 0.05982906 | ... Q110: =IFERROR(Q108/P105,0) -> 0.029304029
E111: Cancel. por Inadimplência | F111: 44 | G111: 36 | H111: 33 | I111: 19 | J111: 37 | K111: 24 | L111: 24 | M111: 24 | N111: 15 | O111: 20 | P111: 2 | Q111: 9
E112: Cancel. solicitação cliente | F112: 37 | G112: 0 | H112: 0 | I112: 0 | J112: 13 | K112: 39 | L112: 21 | M112: 26 | N112: 14 | O112: 14 | P112: 10 | Q112: 7
...

Sheet Relatório Indicadores 25
E10: Indicador | F10: Jan | G10: Fev | H10: Mar | I10: Abr | J10: Mai | K10: Jun | L10: Jul | M10: Ago | N10: Set | O10: Out | P10: Nov | Q10: Dez
F11: 67796 | G11: 20173 | H11: =G14-H17+H28 -> 9744 | I11: =H14-I17+I28 -> 9002 | J11: =I14-J17+J28 -> 8712 | K11: =J14-K17+K28 -> 8406 | L11: =K14-L17+L28 -> 7993 | M11: =L14-M17+M28 -> 7601 | N11: =M14-N17+N28 -> 7062 | O11: =N14-O17+O28 -> 6502 | P11: =O14-P17+P28 -> 6091
F12: =F14-F11 -> -57287 | G12: 0 | H12: =H14-H11 -> -23 | I12: =I14-I11 -> -14 | J12: =J14-J11 -> -12 | K12: =K14-K11 -> 2 | L12: =L14-L11 -> -50 | M12: =M14-M11 -> -49 | N12: =N14-N11 -> -47 | O12: =O14-O11 -> -9 | P12: =P14-P11 -> -39
E13: Meta orçada | F13: 0 | G13: 0 | H13: 0 | I13: 0 | J13: 0 | K13: 0 | L13: 0 | M13: 0 | N13: 0 | O13: 0 | P13: 0 | Q13: 0
E14: Base Vidas | F14: =SUM(F15:F16) -> 10509 | G14: =SUM(G15:G16) -> 10127 | H14: =SUM(H15:H16) -> 9721 | I14: =SUM(I15:I16) -> 8988 | J14: =SUM(J15:J16) -> 8700 | K14: 8408 | L14: =SUM(L15:L16) -> 7943 | M14: =SUM(M15:M16) -> 7552 | N14: =SUM(N15:N16) -> 7015 | O14: =SUM(O15:O16) -> 6493 | P14: =SUM(P15:P16) -> 6052 | Q14: =SUM(Q15:Q16) -> 5728
E15: Base Dental | F15: 774 | G15: 728 | H15: 700 | I15: 680 | J15: 667 | K15: 644 | L15: 629 | M15: 602 | N15: 573 | O15: 532 | P15: 510 | Q15: 497
E16: Base Saúde | F16: 9735 | G16: 9399 | H16: 9021 | I16: 8308 | J16: 8033 | K16: 7764 | L16: 7314 | M16: 6950 | N16: 6442 | O16: 5961 | P16: 5542 | Q16: 5231
E17: Vidas canceladas | F17: =SUM(F20:F24) -> 377 | G17: =SUM(G20:G24) -> 373 | H17: =SUM(H20:H24) -> 386 | I17: =SUM(I20:I24) -> 719 | J17: =SUM(J20:J24) -> 276 | K17: 294 | L17: =SUM(L20:L24) -> 415 | M17: =SUM(M20:M24) -> 342 | N17: =SUM(N20:N24) -> 490 | O17: =SUM(O20:O24) -> 513 | P17: =SUM(P20:P24) -> 402 | Q17: =SUM(Q20:Q24) -> 296
E18: Retenção | F18: 262 | G18: 213 | H18: 378 | I18: 176 | J18: 176 | K18: 367 | L18: 257 | M18: 193 | N18: 202 | O18: 163 | P18: 86 | Q18: 87
E19: % cancelamento | F19: =IFERROR(F17/'Relatório Indicadores 24'!Q14,0) -> 0.03453646 | G19: =IFERROR(G17/F14,0) -> 0.035493387 | H19: =IFERROR(H17/G14,0) -> 0.038115928 | I19: =IFERROR((I17-333)/H14,0) -> 0.039707849 | J19: =IFERROR(J17/I14,0) -> 0.03070761 | K19: 0.033793103 | L19: =IFERROR(L17/K14,0) -> 0.049357755 | M19: =IFERROR(M17/L14,0) -> 0.04305678 | N19: =IFERROR(N17/M14,0) -> 0.064883475 | O19: =IFERROR(O17/N14,0) -> 0.073129009 | P19: =IFERROR(P17/O14,0) -> 0.061912829 | Q19: =IFERROR(Q17/P14,0) -> 0.048909451
E20: Cancel. por Inadimplência | F20: 66 | G20: 54 | H20: 56 | I20: 52 | J20: 47 | K20: 54 | L20: 35 | M20: 41 | N20: 63 | O20: 37 | P20: 48 | Q20: 26
E21: Cancel. solicitação cliente | F21: 291 | G21: 306 | H21: 313 | I21: 285 | J21: 205 | K21: 215 | L21: 346 | M21: 245 | N21: 359 | O21: 422 | P21: 277 | Q21: 222
E22: Cancel. Solicitado OPS | F22: 15 | G22: 9 | H22: 12 | I22: 31 | J22: 14 | K22: 20 | L22: 29 | M22: 55 | N22: 65 | O22: 48 | P22: 74 | Q22: 45
E23: Óbito | F23: 4 | G23: 3 | H23: 2 | I23: 7 | J23: 10 | K23: 4 | L23: 3 | M23: 1 | N23: 2 | O23: 5 | P23: 1 | Q23: 3
E24: Outros | F24: 1 | G24: 1 | H24: 3 | I24: 344 | J24: 0 | K24: 1 | L24: 2 | M24: 0 | N24: 1 | O24: 1 | P24: 2 | Q24: 0
E25: Faturamento Emitido | F25: 13736662 | G25: 13238552 | H25: 13162982 | I25: 12379630 | J25: 11969434 | K25: 11591490 | L25: 11838452 | M25: 11179718 | N25: 10395755 | O25: 9774591.4 | P25: 9113933.5 | Q25: 8584005.3
E26: Faturamento Recebido | F26: 12590544 | G26: 12052757 | H26: 12024623 | I26: 11440534 | J26: 11177452 | K26: 10730406 | L26: 11027553 | M26: 10379717 | N26: 9652394.9 | O26: 8998008.6 | P26: 8379575.7 | Q26: 7959330.7
E27: Inadimplência do fechamento do mês | F27: =IFERROR((1-F26/F25),0) -> 0.083434986 | G27: =IFERROR((1-G26/G25),0) -> 0.089571342 | H27: =IFERROR((1-H26/H25),0) -> 0.086481825 | I27: =IFERROR((1-I26/I25),0) -> 0.075858225 | J27: =IFERROR((1-J26/J25),0) -> 0.06616704 | K27: 0.074285907 | L27: =IFERROR((1-L26/L25),0) -> 0.068497044 | M27: =IFERROR((1-M26/M25),0) -> 0.071558239 | N27: =IFERROR((1-N26/N25),0) -> 0.071506153 | O27: =IFERROR((1-O26/O25),0) -> 0.079449133 | P27: =IFERROR((1-P26/P25),0) -> 0.080575286 | Q27: =IFERROR((1-Q26/Q25),0) -> 0.072771929
E28: Vendas | F28: 0 | G28: 3 | H28: 3 | I28: 0 | J28: 0 | K28: 0 | L28: 0 | M28: 0 | N28: 0 | O28: 0 | P28: 0 | Q28: 0
E29: Ticket médio | F29: =IFERROR(F25/F14,0) -> 1307.1331 | G29: =IFERROR(G25/G14,0) -> 1307.2531 | H29: =IFERROR(H25/H14,0) -> 1354.0769 | I29: =IFERROR(I25/I14,0) -> 1377.351 | J29: =IFERROR(J25/J14,0) -> 1375.7971 | K29: 1378.6263 | L29: =IFERROR(L25/L14,0) -> 1490.4258 | M29: =IFERROR(M25/M14,0) -> 1480.3652 | N29: =IFERROR(N25/N14,0) -> 1481.9323 | O29: =IFERROR(O25/O14,0) -> 1505.4045 | P29: =IFERROR(P25/P14,0) -> 1505.9375 | Q29: =IFERROR(Q25/Q14,0) -> 1498.6043
E30: Comissão Concessionárias | F30: 0 | G30: 0 | H30: 0 | I30: 0 | J30: 0 | K30: 0 | L30: 0 | M30: 0 | N30: 0 | O30: 0 | P30: 0 | Q30: 0
E31: Bonificação Corretores/supervisores | F31: 0 | G31: 0 | H31: 0 | I31: 0 | J31: 0 | K31: 0 | L31: 0 | M31: 0 | N31: 0 | O31: 0 | P31: 0 | Q31: 0
F33: 10698 | G33: 10487 | H33: =G37-H40+H51 -> 7095 | I33: =H37-I40+I51 -> 6916 | J33: =I37-J40+J51 -> 6815 | K33: 6631 | L33: =K37-L40+L51 -> 6180 | M33: =L37-M40+M51 -> 5857 | N33: =M37-N40+N51 -> 5907 | O33: =N37-O40+O51 -> 5880 | P33: =O37-P40+P51 -> 5901
F34: =F37-F33 -> -3116 | G34: 0 | H34: =H37-H33 -> 9 | I34: =I37-I33 -> -3 | J34: =J37-J33 -> 5 | K34: -3 | L34: =L37-L33 -> -17 | M34: =M37-M33 -> -79 | N34: =N37-N33 -> -32 | O34: =O37-O33 -> 6 | P34: =P37-P33 -> 2
E35: Indicador | F35: Jan | G35: Fev | H35: Mar | I35: Abr | J35: Mai | K35: Jun | L35: Jul | M35: Ago | N35: Set | O35: Out | P35: Nov | Q35: Dez
E36: Meta orçada | F36: 0 | G36: 0 | H36: 0 | I36: 0 | J36: 0 | K36: 0 | L36: 0 | M36: 0 | N36: 0 | O36: 0 | P36: 0 | Q36: 0
E37: Base Vidas | F37: =SUM(F38:F39) -> 7582 | G37: =SUM(G38:G39) -> 7314 | H37: =SUM(H38:H39) -> 7104 | I37: =SUM(I38:I39) -> 6913 | J37: =SUM(J38:J39) -> 6820 | K37: 6628 | L37: =SUM(L38:L39) -> 6163 | M37: =SUM(M38:M39) -> 5778 | N37: =SUM(N38:N39) -> 5875 | O37: =SUM(O38:O39) -> 5886 | P37: =SUM(P38:P39) -> 5903 | Q37: =SUM(Q38:Q39) -> 5862
E38: Base Dental | F38: 325 | G38: 317 | H38: 308 | I38: 301 | J38: 306 | K38: 304 | L38: 286 | M38: 275 | N38: 295 | O38: 302 | P38: 310 | Q38: 317
E39: Base Saúde | F39: 7257 | G39: 6997 | H39: 6796 | I39: 6612 | J39: 6514 | K39: 6324 | L39: 5877 | M39: 5503 | N39: 5580 | O39: 5584 | P39: 5593 | Q39: 5545
E40: Vidas canceladas | F40: =SUM(F43:F47) -> 283 | G40: =SUM(G43:G47) -> 338 | H40: =SUM(H43:H47) -> 293 | I40: =SUM(I43:I47) -> 327 | J40: =SUM(J43:J47) -> 358 | K40: 318 | L40: =SUM(L43:L47) -> 520 | M40: =SUM(M43:M47) -> 462 | N40: =SUM(N43:N47) -> 405 | O40: =SUM(O43:O47) -> 313 | P40: =SUM(P43:P47) -> 270 | Q40: =SUM(Q43:Q47) -> 278
E41: Retenção | F41: 61 | G41: 65 | H41: 60 | I41: 69 | J41: 40 | K41: 124 | L41: 128 | M41: 63 | N41: 49 | O41: 22 | P41: 51 | Q41: 8
E42: % cancelamento | F42: =IFERROR(F40/'Relatório Indicadores 24'!Q37,0) -> 0.036356629 | G42: =IFERROR(G40/F37,0) -> 0.044579267 | H42: =IFERROR(H40/G37,0) -> 0.040060159 | I42: =IFERROR(I40/H37,0) -> 0.046030405 | J42: =IFERROR(J40/I37,0) -> 0.051786489 | K42: 0.046627566 | L42: =IFERROR(L40/K37,0) -> 0.078455039 | M42: =IFERROR(M40/L37,0) -> 0.074963492 | N42: =IFERROR(N40/M37,0) -> 0.070093458 | O42: =IFERROR(O40/N37,0) -> 0.053276596 | P42: =IFERROR(P40/O37,0) -> 0.04587156 | Q42: =IFERROR(Q40/P37,0) -> 0.047094698
E43: Cancel. por Inadimplência | F43: 113 | G43: 122 | H43: 121 | I43: 133 | J43: 85 | K43: 97 | L43: 102 | M43: 110 | N43: 127 | O43: 113 | P43: 96 | Q43: 89
E44: Cancel. solicitação cliente | F44: 147 | G44: 152 | H44: 136 | I44: 145 | J44: 220 | K44: 160 | L44: 394 | M44: 285 | N44: 236 | O44: 157 | P44: 145 | Q44: 161
E45: Cancel. Solicitado OPS | F45: 23 | G45: 58 | H45: 22 | I45: 25 | J45: 48 | K45: 50 | L45: 19 | M45: 65 | N45: 39 | O45: 39 | P45: 17 | Q45: 28
E46: Óbito | F46: 0 | G46: 2 | H46: 0 | I46: 0 | J46: 0 | K46: 0 | L46: 0 | M46: 0 | N46: 3 | O46: 3 | P46: 1 | Q46: 0
E47: Outros | F47: 0 | G47: 4 | H47: 14 | I47: 24 | J47: 5 | K47: 11 | L47: 5 | M47: 2 | N47: 0 | O47: 1 | P47: 11 | Q47: 0
E48: Faturamento Emitido | F48: 3915907 | G48: 3780812.6 | H48: 3674762.8 | I48: 3586734.4 | J48: 3516427.9 | K48: 3424742.6 | L48: 3764841.7 | M48: 3449696.9 | N48: 3480852.4 | O48: 3477161.8 | P48: 3444912.6 | Q48: 3380610.4
E49: Faturamento Recebido | F49: 3522388.2 | G49: 3351755.9 | H49: 3333928.2 | I49: 3167262.2 | J49: 3165712.7 | K49: 3006320.4 | L49: 3355143.5 | M49: 3075206.6 | N49: 3132278.7 | O49: 3119898.9 | P49: 3045404.7 | Q49: 3037732.7
E50: Inadimplência do fechamento do mês | F50: =IFERROR((1-F49/F48),0) -> 0.10049239 | G50: =IFERROR((1-G49/G48),0) -> 0.11348266 | H50: =IFERROR((1-H49/H48),0) -> 0.092750087 | I50: =IFERROR((1-I49/I48),0) -> 0.116951 | J50: =IFERROR((1-J49/J48),0) -> 0.099736215 | K50: 0.12217624 | L50: =IFERROR((1-L49/L48),0) -> 0.10882215 | M50: =IFERROR((1-M49/M48),0) -> 0.10855743 | N50: =IFERROR((1-N49/N48),0) -> 0.10014035 | O50: =IFERROR((1-O49/O48),0) -> 0.10274555 | P50: =IFERROR((1-P49/P48),0) -> 0.11597043 | Q50: =IFERROR((1-Q49/Q48),0) -> 0.10142476
E51: Vendas | F51: 67 | G51: 90 | H51: 74 | I51: 139 | J51: 260 | K51: 129 | L51: 72 | M51: 156 | N51: 534 | O51: 318 | P51: 285 | Q51: 244
E52: Ticket médio | F52: =IFERROR(F48/F37,0) -> 516.47415 | G52: =IFERROR(G48/G37,0) -> 516.92816 | H52: =IFERROR(H48/H37,0) -> 517.2808 | I52: =IFERROR(I48/I37,0) -> 518.83905 | J52: =IFERROR(J48/J37,0) -> 515.60527 | K52: 516.7083 | L52: =IFERROR(L48/L37,0) -> 610.8781 | M52: =IFERROR(M48/M37,0) -> 597.03996 | N52: =IFERROR(N48/N37,0) -> 592.48552 | O52: =IFERROR(O48/O37,0) -> 590.75124 | P52: =IFERROR(P48/P37,0) -> 583.58676 | Q52: =IFERROR(Q48/Q37,0) -> 576.69914
E53: Comissão Concessionárias | F53: 0 | G53: 0 | H53: 0 | I53: 0 | J53: 0 | K53: 0 | L53: 0 | M53: 0 | N53: 0 | O53: 0 | P53: 0 | Q53: 0
E54: Bonificação Corretores/supervisores | F54: 0 | G54: 0 | H54: 0 | I54: 0 | J54: 0 | K54: 0 | L54: 0 | M54: 0 | N54: 0 | O54: 0 | P54: 0 | Q54: 0
F56: 40 | G56: 20 | H56: =G283-H286+H297 -> 13 | I56: =H283-I286+I297 -> 13 | J56: =I283-J286+J297 -> 13 | K56: 15 | L56: =K283-L286+L297 -> 15 | M56: =L283-M286+M297 -> 15 | N56: =M283-N286+N297 -> 15 | O56: =N283-O286+O297 -> 13 | P56: =O283-P286+P297 -> 12
F57: =F283-F56 -> -25 | G57: 0 | H57: =H283-H56 -> 0 | I57: =I283-I56 -> 0 | J57: =J283-J56 -> 2 | K57: 0 | L57: =L283-L56 -> 0 | M57: =M283-M56 -> 0 | N57: =N283-N56 -> -2 | O57: =O283-O56 -> 0 | P57: =P283-P56 -> -1
F58: 352 | G58: #REF! | H58: =G188-H191+#REF! -> #REF! | I58: =H188-I191+#REF! -> #REF! | J58: =I188-J191+#REF! -> #REF! | K58: #REF! | L58: =K188-L191+L202 -> 238 | M58: =L188-M191+M202 -> 228 | N58: =M188-N191+N202 -> 220 | O58: =N188-O191+O202 -> 218 | P58: =O188-P191+P202 -> 214
F59: =F188-F58 -> -62 | G59: #REF! | H59: =H188-H58 -> #REF! | I59: =I188-I58 -> #REF! | J59: =J188-J58 -> #REF! | K59: #REF! | L59: =L188-L58 -> 1 | M59: =M188-M58 -> 1 | N59: =N188-N58 -> 0 | O59: =O188-O58 -> 0 | P59: =P188-P58 -> 0
E60: Indicador | F60: Jan | G60: Fev | H60: Mar | I60: Abr | J60: Mai | K60: Jun | L60: Jul | M60: Ago | N60: Set | O60: Out | P60: Nov | Q60: Dez
E61: Meta orçada | F61: 0 | G61: 0 | H61: 0 | I61: 0 | J61: 0 | K61: 0 | L61: 0 | M61: 0 | N61: 0 | O61: 0 | P61: 0 | Q61: 0
E62: Base Vidas | F62: =SUM(F63:F64) -> 0 | G62: =SUM(G63:G64) -> 0 | H62: =SUM(H63:H64) -> 0 | I62: =SUM(I63:I64) -> 0 | J62: =SUM(J63:J64) -> 0 | K62: =SUM(K63:K64) -> 0 | L62: =SUM(L63:L64) -> 0 | M62: =SUM(M63:M64) -> 0 | ... Q62: =SUM(Q63:Q64) -> 30
E63: Base Dental | F63: 0 | G63: 0 | H63: 0 | I63: 0 | J63: 0 | K63: 0 | L63: 0 | M63: 0 | N63: 0 | O63: 0 | P63: 0 | Q63: 0
E64: Base Saúde | F64: 0 | G64: 0 | H64: 0 | I64: 0 | J64: 0 | K64: 0 | L64: 0 | M64: 0 | N64: 30 | O64: 30 | P64: 30 | Q64: 30
E65: Vidas canceladas | F65: =SUM(F68:F72) -> 0 | G65: =SUM(G68:G72) -> 0 | H65: =SUM(H68:H72) -> 0 | I65: =SUM(I68:I72) -> 0 | J65: =SUM(J68:J72) -> 0 | K65: =SUM(K68:K72) -> 0 | L65: =SUM(L68:L72) -> 0 | M65: =SUM(M68:M72) -> 0 | ... Q65: =SUM(Q68:Q72) -> 0
E66: Retenção | F66: 0 | G66: 0 | H66: 0 | I66: 0 | J66: 0 | K66: 0 | L66: 0 | M66: 6 | N66: 0 | O66: 0 | P66: 0 | Q66: 0
E67: % cancelamento | F67: 0 | G67: 0 | H67: 0 | I67: 0 | J67: 0 | K67: 0 | L67: 0 | M67: 0 | N67: 0 | O67: 0 | P67: 0 | Q67: 0
E68: Cancel. por Inadimplência | F68: 0 | G68: 0 | H68: 0 | I68: 0 | J68: 0 | K68: 0 | L68: 0 | M68: 0 | N68: 0 | O68: 0 | P68: 0 | Q68: 0
E69: Cancel. solicitação cliente | F69: 0 | G69: 0 | H69: 0 | I69: 0 | J69: 0 | K69: 0 | L69: 0 | M69: 0 | N69: 0 | O69: 0 | P69: 0 | Q69: 0
E70: Cancel. Solicitado OPS | F70: 0 | G70: 0 | H70: 0 | I70: 0 | J70: 0 | K70: 0 | L70: 0 | M70: 0 | N70: 0 | O70: 0 | P70: 0 | Q70: 0
E71: Óbito | F71: 0 | G71: 0 | H71: 0 | I71: 0 | J71: 0 | K71: 0 | L71: 0 | M71: 0 | N71: 0 | O71: 0 | P71: 0 | Q71: 0
E72: Outros | F72: 0 | G72: 0 | H72: 0 | I72: 0 | J72: 0 | K72: 0 | L72: 0 | M72: 0 | N72: 0 | O72: 0 | P72: 0 | Q72: 0
E73: Faturamento Emitido | F73: 0 | G73: 0 | H73: 0 | I73: 0 | J73: 0 | K73: 0 | L73: 0 | M73: 0 | N73: 49206.94 | O73: 47704.46 | P73: 47704.45 | Q73: 47889.4
E74: Faturamento Recebido | F74: 0 | G74: 0 | H74: 0 | I74: 0 | J74: 0 | K74: 0 | L74: 0 | M74: 0 | N74: 49206.94 | O74: 47704.46 | P74: 47704.45 | Q74: 47889.4
E75: Inadimplência do fechamento do mês | F75: =IFERROR((1-F74/F73),0) -> 0 | G75: =IFERROR((1-G74/G73),0) -> 0 | H75: =IFERROR((1-H74/H73),0) -> 0 | I75: =IFERROR((1-I74/I73),0) -> 0 | J75: =IFERROR((1-J74/J73),0) -> 0 | K75: =IFERROR((1-K74/K73),0) -> 0 | L75: =IFERROR((1-L74/L73),0) -> 0 | M75: =IFERROR((1-M74/M73),0) -> 0 | ... Q75: =IFERROR((1-Q74/Q73),0) -> 0
E76: Vendas | F76: 0 | G76: 0 | H76: 0 | I76: 0 | J76: 0 | K76: 0 | L76: 0 | M76: 0 | N76: 30 | O76: 0 | P76: 0 | Q76: 0
E77: Ticket médio | F77: =IFERROR(F73/F62,0) -> 0 | G77: =IFERROR(G73/G62,0) -> 0 | H77: =IFERROR(H73/H62,0) -> 0 | I77: =IFERROR(I73/I62,0) -> 0 | J77: =IFERROR(J73/J62,0) -> 0 | K77: =IFERROR(K73/K62,0) -> 0 | L77: =IFERROR(L73/L62,0) -> 0 | M77: =IFERROR(M73/M62,0) -> 0 | ... Q77: =IFERROR(Q73/Q62,0) -> 1596.3133
E78: Comissão Concessionárias | F78: 0 | G78: 0 | H78: 0 | I78: 0 | J78: 0 | K78: 0 | L78: 0 | M78: 0 | N78: 0 | O78: 0 | P78: 0 | Q78: 0
E79: Bonificação Corretores/supervisores | F79: 0 | G79: 0 | H79: 0 | I79: 0 | J79: 0 | K79: 0 | L79: 0 | M79: 0 | N79: 0 | O79: 0 | P79: 0 | Q79: 0
E81: Indicador | F81: Jan | G81: Fev | H81: Mar | I81: Abr | J81: Mai | K81: Jun | L81: Jul | M81: Ago | N81: Set | O81: Out | P81: Nov | Q81: Dez
E82: Meta orçada | F82: 0 | G82: 0 | H82: 0 | I82: 0 | J82: 0 | K82: 0 | L82: 0 | M82: 0 | N82: 0 | O82: 0 | P82: 0 | Q82: 0
E83: Base Vidas | F83: =SUM(F84:F85) -> 14 | G83: =SUM(G84:G85) -> 15 | H83: =SUM(H84:H85) -> 15 | I83: =SUM(I84:I85) -> 15 | J83: =SUM(J84:J85) -> 16 | K83: 17 | L83: =SUM(L84:L85) -> 17 | M83: =SUM(M84:M85) -> 21 | N83: =SUM(N84:N85) -> 21 | O83: =SUM(O84:O85) -> 22 | P83: =SUM(P84:P85) -> 25 | Q83: =SUM(Q84:Q85) -> 27
E84: Base Dental | F84: 0 | G84: 0 | H84: 0 | I84: 0 | J84: 0 | K84: 0 | L84: 0 | M84: 0 | N84: 0 | O84: 0 | P84: 0 | Q84: 0
E85: Base Saúde | F85: 14 | G85: 15 | H85: 15 | I85: 15 | J85: 16 | K85: 17 | L85: 17 | M85: 21 | N85: 21 | O85: 22 | P85: 25 | Q85: 27
E86: Vidas canceladas | F86: =SUM(F89:F93) -> 0 | G86: =SUM(G89:G93) -> 0 | H86: =SUM(H89:H93) -> 0 | I86: =SUM(I89:I93) -> 0 | J86: =SUM(J89:J93) -> 0 | K86: 0 | L86: =SUM(L89:L93) -> 0 | M86: =SUM(M89:M93) -> 0 | N86: =SUM(N89:N93) -> 0 | O86: =SUM(O89:O93) -> 0 | P86: =SUM(P89:P93) -> 0 | Q86: =SUM(Q89:Q93) -> 0
E87: Retenção | F87: 0 | G87: 0 | H87: 0 | I87: 0 | J87: 0 | K87: 0 | L87: 0 | M87: 0 | N87: 0 | O87: 0 | P87: 0 | Q87: 0
E88: % cancelamento | F88: =IFERROR(F86/'Relatório Indicadores 24'!Q194,0) -> 0 | G88: =IFERROR(G86/F83,0) -> 0 | H88: =IFERROR(H86/G83,0) -> 0 | I88: =IFERROR(I86/H83,0) -> 0 | J88: =IFERROR(J86/I83,0) -> 0 | K88: 0 | L88: =IFERROR(L86/K83,0) -> 0 | M88: =IFERROR(M86/L83,0) -> 0 | N88: =IFERROR(N86/M83,0) -> 0 | O88: =IFERROR(O86/N83,0) -> 0 | P88: =IFERROR(P86/O83,0) -> 0 | Q88: =IFERROR(Q86/P83,0) -> 0
E89: Cancel. por Inadimplência | F89: 0 | G89: 0 | H89: 0 | I89: 0 | J89: 0 | K89: 0 | L89: 0 | M89: 0 | N89: 0 | O89: 0 | P89: 0 | Q89: 0
E90: Cancel. solicitação cliente | F90: 0 | G90: 0 | H90: 0 | I90: 0 | J90: 0 | K90: 0 | L90: 0 | M90: 0 | N90: 0 | O90: 0 | P90: 0 | Q90: 0
E91: Cancel. Solicitado OPS | F91: 0 | G91: 0 | H91: 0 | I91: 0 | J91: 0 | K91: 0 | L91: 0 | M91: 0 | N91: 0 | O91: 0 | P91: 0 | Q91: 0
E92: Óbito | F92: 0 | G92: 0 | H92: 0 | I92: 0 | J92: 0 | K92: 0 | L92: 0 | M92: 0 | N92: 0 | O92: 0 | P92: 0 | Q92: 0
E93: Outros | F93: 0 | G93: 0 | H93: 0 | I93: 0 | J93: 0 | K93: 0 | L93: 0 | M93: 0 | N93: 0 | O93: 0 | P93: 0 | Q93: 0
E94: Faturamento Emitido | F94: 10523.46 | G94: 13520.17 | H94: 13520.17 | I94: 13520.17 | J94: 14029.35 | K94: 15250.84 | L94: 16815.74 | M94: 18654.74 | N94: 18654.74 | O94: 19997.16 | P94: 22177.53 | Q94: 23615.14
E95: Faturamento Recebido | F95: 9944.87 | G95: 13520.17 | H95: 13520.17 | I95: 13520.17 | J95: 14029.35 | K95: 15250.84 | L95: 16815.74 | M95: 16688.84 | N95: 18654.74 | O95: 19997.16 | P95: 22177.53 | Q95: 23615.14
E96: Inadimplência do fechamento do mês | F96: =IFERROR((1-F95/F94),0) -> 0.054980966 | G96: =IFERROR((1-G95/G94),0) -> 0 | H96: =IFERROR((1-H95/H94),0) -> 0 | I96: =IFERROR((1-I95/I94),0) -> 0 | J96: =IFERROR((1-J95/J94),0) -> 0 | K96: 0 | L96: =IFERROR((1-L95/L94),0) -> 0 | M96: =IFERROR((1-M95/M94),0) -> 0.1053834 | N96: =IFERROR((1-N95/N94),0) -> 0 | O96: =IFERROR((1-O95/O94),0) -> 0 | P96: =IFERROR((1-P95/P94),0) -> 0 | Q96: =IFERROR((1-Q95/Q94),0) -> 0
E97: Vendas | F97: 4 | G97: 1 | H97: 0 | I97: 0 | J97: 1 | K97: 1 | L97: 0 | M97: 4 | N97: 0 | O97: 1 | P97: 0 | Q97: 2
E98: Ticket médio | F98: =IFERROR(F94/F83,0) -> 751.67571 | G98: =IFERROR(G94/G83,0) -> 901.34467 | H98: =IFERROR(H94/H83,0) -> 901.34467 | I98: =IFERROR(I94/I83,0) -> 901.34467 | J98: =IFERROR(J94/J83,0) -> 876.83438 | K98: 897.10824 | L98: =IFERROR(L94/L83,0) -> 989.16118 | M98: =IFERROR(M94/M83,0) -> 888.32095 | N98: =IFERROR(N94/N83,0) -> 888.32095 | O98: =IFERROR(O94/O83,0) -> 908.96182 | P98: =IFERROR(P94/P83,0) -> 887.1012 | Q98: =IFERROR(Q94/Q83,0) -> 874.63481
E99: Comissão Concessionárias | F99: 0 | G99: 0 | H99: 0 | I99: 0 | J99: 0 | K99: 0 | L99: 0 | M99: 0 | N99: 0 | O99: 0 | P99: 0 | Q99: 0
E100: Bonificação Corretores/supervisores | F100: 0 | G100: 0 | H100: 0 | I100: 0 | J100: 0 | K100: 0 | L100: 0 | M100: 0 | N100: 0 | O100: 0 | P100: 0 | Q100: 0
E102: Indicador | F102: Jan | G102: Fev | H102: Mar | I102: Abr | J102: Mai | K102: Jun | L102: Jul | M102: Ago | N102: Set | O102: Out | P102: Nov | Q102: Dez
E103: Meta orçada | F103: 0 | G103: 0 | H103: 0 | I103: 0 | J103: 0 | K103: 0 | L103: 0 | M103: 0 | N103: 0 | O103: 0 | P103: 0 | Q103: 0
E104: Base Vidas | F104: =SUM(F105:F106) -> 10 | G104: =SUM(G105:G106) -> 9 | H104: =SUM(H105:H106) -> 8 | I104: =SUM(I105:I106) -> 11 | J104: =SUM(J105:J106) -> 15 | K104: 23 | L104: =SUM(L105:L106) -> 27 | M104: =SUM(M105:M106) -> 63 | N104: =SUM(N105:N106) -> 119 | O104: =SUM(O105:O106) -> 183 | P104: =SUM(P105:P106) -> 247 | Q104: =SUM(Q105:Q106) -> 289
E105: Base Dental | F105: 0 | G105: 0 | H105: 0 | I105: 0 | J105: 0 | K105: 0 | L105: 0 | M105: 0 | N105: 0 | O105: 0 | P105: 0 | Q105: 0
E106: Base Saúde | F106: 10 | G106: 9 | H106: 8 | I106: 11 | J106: 15 | K106: 23 | L106: 27 | M106: 63 | N106: 119 | O106: 183 | P106: 247 | Q106: 289
E107: Vidas canceladas | F107: =SUM(F110:F114) -> 1 | G107: =SUM(G110:G114) -> 1 | H107: =SUM(H110:H114) -> 1 | I107: =SUM(I110:I114) -> 0 | J107: =SUM(J110:J114) -> 0 | K107: 5 | L107: =SUM(L110:L114) -> 3 | M107: =SUM(M110:M114) -> 2 | N107: =SUM(N110:N114) -> 5 | O107: =SUM(O110:O114) -> 11 | P107: =SUM(P110:P114) -> 11 | Q107: =SUM(Q110:Q114) -> 15
E108: Retenção | F108: 0 | G108: 0 | H108: 1 | I108: 0 | J108: 2 | K108: 2 | L108: 0 | M108: 0 | N108: 1 | O108: 0 | P108: 0 | Q108: 0
E109: % cancelamento | F109: =IFERROR(F107/'Relatório Indicadores 24'!Q215,0) -> 0.090909091 | G109: =IFERROR(G107/F104,0) -> 0.1 | H109: =IFERROR(H107/G104,0) -> 0.11111111 | I109: =IFERROR(I107/H104,0) -> 0 | J109: =IFERROR(J107/I104,0) -> 0 | K109: 0.33333333 | L109: =IFERROR(L107/K104,0) -> 0.13043478 | M109: =IFERROR(M107/L104,0) -> 0.074074074 | N109: =IFERROR(N107/M104,0) -> 0.079365079 | O109: =IFERROR(O107/N104,0) -> 0.092436975 | P109: =IFERROR(P107/O104,0) -> 0.06010929 | Q109: =IFERROR(Q107/P104,0) -> 0.060728745
E110: Cancel. por Inadimplência | F110: 0 | G110: 0 | H110: 0 | I110: 0 | J110: 0 | K110: 0 | L110: 0 | M110: 2 | N110: 2 | O110: 5 | P110: 8 | Q110: 11
E111: Cancel. solicitação cliente | F111: 1 | G111: 1 | H111: 1 | I111: 0 | J111: 0 | K111: 5 | L111: 3 | M111: 0 | N111: 3 | O111: 3 | P111: 3 | Q111: 2
E112: Cancel. Solicitado OPS | F112: 0 | G112: 0 | H112: 0 | I112: 0 | J112: 0 | K112: 0 | L112: 0 | M112: 0 | N112: 0 | O112: 0 | P112: 0 | Q112: 1
E113: Óbito | F113: 0 | G113: 0 | H113: 0 | I113: 0 | J113: 0 | K113: 0 | L113: 0 | M113: 0 | N113: 0 | O113: 0 | P113: 0 | Q113: 0
...

Sheet Relatório Indicadores 26
E10: Indicador | F10: Jan | G10: Fev | H10: Mar | I10: Abr | J10: Mai | K10: Jun | L10: Jul | M10: Ago | N10: Set | O10: Out | P10: Nov | Q10: Dez
F11: 67796 | G11: 20173 | H11: =G14-H17+H28 -> 4624 | I11: =H14-I17+I28 -> 4310 | J11: =I14-J17+J28 -> 4173 | K11: =J14-K17+K28 -> 4157 | L11: =K14-L17+L28 -> 4153 | M11: =L14-M17+M28 -> 0 | N11: =M14-N17+N28 -> 0 | O11: =N14-O17+O28 -> 0 | P11: =O14-P17+P28 -> 0
F12: =F14-F11 -> -62441 | G12: 0 | H12: =H14-H11 -> -81 | I12: =I14-I11 -> -9 | J12: =J14-J11 -> -2 | K12: =K14-K11 -> -4 | L12: =L14-L11 -> -4153 | M12: =M14-M11 -> 0 | N12: =N14-N11 -> 0 | O12: =O14-O11 -> 0 | P12: =P14-P11 -> 0
E13: Meta orçada | F13: 0 | G13: 0 | H13: 0 | I13: 0 | J13: 0 | K13: 0 | L13: 0 | M13: 0 | N13: 0 | O13: 0 | P13: 0 | Q13: 0
E14: Base Vidas | F14: =SUM(F15:F16) -> 5355 | G14: 4966 | H14: =SUM(H15:H16) -> 4543 | I14: =SUM(I15:I16) -> 4301 | J14: =SUM(J15:J16) -> 4171 | K14: =SUM(K15:K16) -> 4153 | L14: =SUM(L15:L16) -> 0 | M14: =SUM(M15:M16) -> 0 | N14: =SUM(N15:N16) -> 0 | O14: =SUM(O15:O16) -> 0 | ... Q14: =SUM(Q15:Q16) -> 0
E15: Base Dental | F15: 462 | G15: 435 | H15: 422 | I15: 409 | J15: 402 | K15: 402 | L15: 0 | M15: 0 | N15: 0 | O15: 0 | P15: 0 | Q15: 0
E16: Base Saúde | F16: 4893 | G16: 4531 | H16: 4121 | I16: 3892 | J16: 3769 | K16: 3751 | L16: 0 | M16: 0 | N16: 0 | O16: 0 | P16: 0 | Q16: 0
E17: Vidas canceladas | F17: =SUM(F20:F24) -> 336 | G17: 312 | H17: =SUM(H20:H24) -> 342 | I17: =SUM(I20:I24) -> 233 | J17: =SUM(J20:J24) -> 128 | K17: =SUM(K20:K24) -> 14 | L17: =SUM(L20:L24) -> 0 | M17: =SUM(M20:M24) -> 0 | N17: =SUM(N20:N24) -> 0 | O17: =SUM(O20:O24) -> 0 | ... Q17: =SUM(Q20:Q24) -> 0
E18: Retenção | F18: 119 | G18: 72 | H18: 92 | I18: 84 | J18: 67 | K18: 18 | L18: 0 | M18: 0 | N18: 0 | O18: 0 | P18: 0 | Q18: 0
E19: % cancelamento | F19: =IFERROR(F17/'Relatório Indicadores 25'!Q14,0) -> 0.058659218 | G19: =IFERROR(G17/F14,0) -> 0.058263305 | H19: =IFERROR(H17/G14,0) -> 0.068868304 | I19: =IFERROR(I17/H14,0) -> 0.051287695 | J19: =IFERROR(J17/I14,0) -> 0.029760521 | K19: =IFERROR(K17/J14,0) -> 0.0033565092 | L19: =IFERROR(L17/K14,0) -> 0 | M19: =IFERROR(M17/L14,0) -> 0 | N19: =IFERROR(N17/M14,0) -> 0 | ... Q19: =IFERROR(Q17/P14,0) -> 0
E20: Cancel. por Inadimplência | F20: 43 | G20: 23 | H20: 43 | I20: 41 | J20: 27 | K20: 0 | L20: 0 | M20: 0 | N20: 0 | O20: 0 | P20: 0 | Q20: 0
E21: Cancel. solicitação cliente | F21: 279 | G21: 266 | H21: 220 | I21: 144 | J21: 78 | K21: 13 | L21: 0 | M21: 0 | N21: 0 | O21: 0 | P21: 0 | Q21: 0
E22: Cancel. Solicitado OPS | F22: 10 | G22: 19 | H22: 78 | I22: 47 | J22: 20 | K22: 0 | L22: 0 | M22: 0 | N22: 0 | O22: 0 | P22: 0 | Q22: 0
E23: Óbito | F23: 4 | G23: 1 | H23: 1 | I23: 1 | J23: 3 | K23: 0 | L23: 0 | M23: 0 | N23: 0 | O23: 0 | P23: 0 | Q23: 0
E24: Outros | F24: 0 | G24: 3 | H24: 0 | I24: 0 | J24: 0 | K24: 1 | L24: 0 | M24: 0 | N24: 0 | O24: 0 | P24: 0 | Q24: 0
E25: Faturamento Emitido | F25: 8150226.9 | G25: 7422111.8 | H25: 6707545.1 | I25: 6366978.8 | J25: 6110570 | K25: 4262384.6 | L25: 0 | M25: 0 | N25: 0 | O25: 0 | P25: 0 | Q25: 0
E26: Faturamento Recebido | F26: 7487330.5 | G26: 6713587.9 | H26: 6225576.7 | I26: 5888138 | J26: 5692769.5 | K26: 1782358.3 | L26: 0 | M26: 0 | N26: 0 | O26: 0 | P26: 0 | Q26: 0
E27: Inadimplência do fechamento do mês | F27: =IFERROR((1-F26/F25),0) -> 0.081334712 | G27: 0.095461235 | H27: =IFERROR((1-H26/H25),0) -> 0.071854667 | I27: =IFERROR((1-I26/I25),0) -> 0.07520691 | J27: =IFERROR((1-J26/J25),0) -> 0.068373421 | K27: =IFERROR((1-K26/K25),0) -> 0.58184011 | L27: =IFERROR((1-L26/L25),0) -> 0 | M27: =IFERROR((1-M26/M25),0) -> 0 | N27: =IFERROR((1-N26/N25),0) -> 0 | O27: =IFERROR((1-O26/O25),0) -> 0 | ... Q27: =IFERROR((1-Q26/Q25),0) -> 0
E28: Vendas | F28: 0 | G28: 0 | H28: 0 | I28: 0 | J28: 0 | K28: 0 | L28: 0 | M28: 0 | N28: 0 | O28: 0 | P28: 0 | Q28: 0
E29: Ticket médio | F29: =IFERROR(F25/F14,0) -> 1521.9845 | G29: 1494.5855 | H29: =IFERROR(H25/H14,0) -> 1476.4572 | I29: =IFERROR(I25/I14,0) -> 1480.3485 | J29: =IFERROR(J25/J14,0) -> 1465.0132 | K29: =IFERROR(K25/K14,0) -> 1026.3387 | L29: =IFERROR(L25/L14,0) -> 0 | M29: =IFERROR(M25/M14,0) -> 0 | N29: =IFERROR(N25/N14,0) -> 0 | O29: =IFERROR(O25/O14,0) -> 0 | ... Q29: =IFERROR(Q25/Q14,0) -> 0
E30: Comissão Concessionárias | F30: 0 | G30: 0 | H30: 0 | I30: 0 | J30: 0 | K30: 0 | L30: 0 | M30: 0 | N30: 0 | O30: 0 | P30: 0 | Q30: 0
E31: Bonificação Corretores/supervisores | F31: 0 | G31: 0 | H31: 0 | I31: 0 | J31: 0 | K31: 0 | L31: 0 | M31: 0 | N31: 0 | O31: 0 | P31: 0 | Q31: 0
F33: 10698 | G33: 10487 | H33: =G37-H40+H51 -> 5257 | I33: =H37-I40+I51 -> 5059 | J33: =I37-J40+J51 -> 4883 | K33: 6631 | L33: =K37-L40+L51 -> 4878 | M33: =L37-M40+M51 -> 0 | N33: =M37-N40+N51 -> 0 | O33: =N37-O40+O51 -> 0 | P33: =O37-P40+P51 -> 0
F34: =F37-F33 -> -4995 | G34: 0 | H34: =H37-H33 -> -9 | I34: =I37-I33 -> 3 | J34: =J37-J33 -> 1 | K34: -3 | L34: =L37-L33 -> -4878 | M34: =M37-M33 -> 0 | N34: =N37-N33 -> 0 | O34: =O37-O33 -> 0 | P34: =P37-P33 -> 0
E35: Indicador | F35: Jan | G35: Fev | H35: Mar | I35: Abr | J35: Mai | K35: Jun | L35: Jul | M35: Ago | N35: Set | O35: Out | P35: Nov | Q35: Dez
E36: Meta orçada | F36: 0 | G36: 0 | H36: 0 | I36: 0 | J36: 0 | K36: 0 | L36: 0 | M36: 0 | N36: 0 | O36: 0 | P36: 0 | Q36: 0
E37: Base Vidas | F37: =SUM(F38:F39) -> 5703 | G37: =SUM(G38:G39) -> 5498 | H37: =SUM(H38:H39) -> 5248 | I37: =SUM(I38:I39) -> 5062 | J37: =SUM(J38:J39) -> 4884 | K37: =SUM(K38:K39) -> 4878 | L37: =SUM(L38:L39) -> 0 | M37: =SUM(M38:M39) -> 0 | ... Q37: =SUM(Q38:Q39) -> 0
E38: Base Dental | F38: 322 | G38: 317 | H38: 308 | I38: 302 | J38: 294 | K38: 294 | L38: 0 | M38: 0 | N38: 0 | O38: 0 | P38: 0 | Q38: 0
E39: Base Saúde | F39: 5381 | G39: 5181 | H39: 4940 | I39: 4760 | J39: 4590 | K39: 4584 | L39: 0 | M39: 0 | N39: 0 | O39: 0 | P39: 0 | Q39: 0
E40: Vidas canceladas | F40: =SUM(F43:F47) -> 252 | G40: =SUM(G43:G47) -> 227 | H40: =SUM(H43:H47) -> 249 | I40: =SUM(I43:I47) -> 191 | J40: =SUM(J43:J47) -> 186 | K40: =SUM(K43:K47) -> 17 | L40: =SUM(L43:L47) -> 0 | M40: =SUM(M43:M47) -> 0 | ... Q40: =SUM(Q43:Q47) -> 0
E41: Retenção | F41: 4 | G41: 197 | H41: 8 | I41: 11 | J41: 5 | K41: 1 | L41: 0 | M41: 0 | N41: 0 | O41: 0 | P41: 0 | Q41: 0
E42: % cancelamento | F42: =IFERROR(F40/'Relatório Indicadores 25'!Q37,0) -> 0.042988741 | G42: =IFERROR(G40/F37,0) -> 0.039803612 | H42: =IFERROR(H40/G37,0) -> 0.045289196 | I42: =IFERROR(I40/H37,0) -> 0.036394817 | J42: =IFERROR(J40/I37,0) -> 0.03674437 | K42: =IFERROR(K40/J37,0) -> 0.0034807535 | L42: =IFERROR(L40/K37,0) -> 0 | M42: =IFERROR(M40/L37,0) -> 0 | N42: =IFERROR(N40/M37,0) -> 0 | ... Q42: =IFERROR(Q40/P37,0) -> 0
E43: Cancel. por Inadimplência | F43: 90 | G43: 81 | H43: 101 | I43: 81 | J43: 78 | K43: 0 | L43: 0 | M43: 0 | N43: 0 | O43: 0 | P43: 0 | Q43: 0
E44: Cancel. solicitação cliente | F44: 115 | G44: 101 | H44: 99 | I44: 82 | J44: 81 | K44: 17 | L44: 0 | M44: 0 | N44: 0 | O44: 0 | P44: 0 | Q44: 0
E45: Cancel. Solicitado OPS | F45: 41 | G45: 40 | H45: 47 | I45: 27 | J45: 25 | K45: 0 | L45: 0 | M45: 0 | N45: 0 | O45: 0 | P45: 0 | Q45: 0
E46: Óbito | F46: 2 | G46: 0 | H46: 0 | I46: 0 | J46: 1 | K46: 0 | L46: 0 | M46: 0 | N46: 0 | O46: 0 | P46: 0 | Q46: 0
E47: Outros | F47: 4 | G47: 5 | H47: 2 | I47: 1 | J47: 1 | K47: 0 | L47: 0 | M47: 0 | N47: 0 | O47: 0 | P47: 0 | Q47: 0
E48: Faturamento Emitido | F48: 3270420.9 | G48: 3163802.3 | H48: 3017591.5 | I48: 2920828.4 | J48: 2834191.2 | K48: 1682803 | L48: 0 | M48: 0 | N48: 0 | O48: 0 | P48: 0 | Q48: 0
E49: Faturamento Recebido | F49: 2962640.3 | G49: 2820709.5 | H49: 2718474.1 | I49: 2644374 | J49: 2601223.6 | K49: 778010.03 | L49: 0 | M49: 0 | N49: 0 | O49: 0 | P49: 0 | Q49: 0
E50: Inadimplência do fechamento do mês | F50: =IFERROR((1-F49/F48),0) -> 0.094110389 | G50: =IFERROR((1-G49/G48),0) -> 0.1084432 | H50: =IFERROR((1-H49/H48),0) -> 0.099124548 | I50: =IFERROR((1-I49/I48),0) -> 0.094649304 | J50: =IFERROR((1-J49/J48),0) -> 0.082198961 | K50: =IFERROR((1-K49/K48),0) -> 0.53767017 | L50: =IFERROR((1-L49/L48),0) -> 0 | M50: =IFERROR((1-M49/M48),0) -> 0 | ... Q50: =IFERROR((1-Q49/Q48),0) -> 0
E51: Vendas | F51: 117 | G51: 24 | H51: 8 | I51: 2 | J51: 7 | K51: 11 | L51: 0 | M51: 0 | N51: 0 | O51: 0 | P51: 0 | Q51: 0
E52: Ticket médio | F52: =IFERROR(F48/F37,0) -> 573.45623 | G52: =IFERROR(G48/G37,0) -> 575.44604 | H52: =IFERROR(H48/H37,0) -> 574.99837 | I52: =IFERROR(I48/I37,0) -> 577.01074 | J52: =IFERROR(J48/J37,0) -> 580.30122 | K52: =IFERROR(K48/K37,0) -> 344.97807 | L52: =IFERROR(L48/L37,0) -> 0 | M52: =IFERROR(M48/M37,0) -> 0 | ... Q52: =IFERROR(Q48/Q37,0) -> 0
E53: Comissão Concessionárias | F53: 0 | G53: 0 | H53: 0 | I53: 0 | J53: 0 | K53: 0 | L53: 0 | M53: 0 | N53: 0 | O53: 0 | P53: 0 | Q53: 0
E54: Bonificação Corretores/supervisores | F54: 0 | G54: 0 | H54: 0 | I54: 0 | J54: 0 | K54: 0 | L54: 0 | M54: 0 | N54: 0 | O54: 0 | P54: 0 | Q54: 0
F56: 40 | G56: 20 | H56: =G304-H307+H318 -> 10 | I56: =H304-I307+I318 -> 10 | J56: =I304-J307+J318 -> 10 | K56: 15 | L56: =K304-L307+L318 -> 10 | M56: =L304-M307+M318 -> 0 | N56: =M304-N307+N318 -> 0 | O56: =N304-O307+O318 -> 0 | P56: =O304-P307+P318 -> 0
F57: =F304-F56 -> -30 | G57: 0 | H57: =H304-H56 -> 0 | I57: =I304-I56 -> 0 | J57: =J304-J56 -> 0 | K57: 0 | L57: =L304-L56 -> -10 | M57: =M304-M56 -> 0 | N57: =N304-N56 -> 0 | O57: =O304-O56 -> 0 | P57: =P304-P56 -> 0
F58: 352 | G58: #REF! | H58: =G188-H191+#REF! -> #REF! | I58: =H188-I191+#REF! -> #REF! | J58: =I188-J191+#REF! -> #REF! | K58: #REF! | L58: =K188-L191+L202 -> 189 | M58: =L188-M191+M202 -> 0 | N58: =M188-N191+N202 -> 0 | O58: =N188-O191+O202 -> 0 | P58: =O188-P191+P202 -> 0
F59: =F188-F58 -> -145 | G59: #REF! | H59: =H188-H58 -> #REF! | I59: =I188-I58 -> #REF! | J59: =J188-J58 -> #REF! | K59: #REF! | L59: =L188-L58 -> -189 | M59: =M188-M58 -> 0 | N59: =N188-N58 -> 0 | O59: =O188-O58 -> 0 | P59: =P188-P58 -> 0
E60: Indicador | F60: Jan | G60: Fev | H60: Mar | I60: Abr | J60: Mai | K60: Jun | L60: Jul | M60: Ago | N60: Set | O60: Out | P60: Nov | Q60: Dez
E61: Meta orçada | F61: 0 | G61: 0 | H61: 0 | I61: 0 | J61: 0 | K61: 0 | L61: 0 | M61: 0 | N61: 0 | O61: 0 | P61: 0 | Q61: 0
E62: Base Vidas | F62: =SUM(F63:F64) -> 31 | G62: =SUM(G63:G64) -> 29 | H62: =SUM(H63:H64) -> 29 | I62: =SUM(I63:I64) -> 29 | J62: =SUM(J63:J64) -> 28 | K62: =SUM(K63:K64) -> 29 | L62: =SUM(L63:L64) -> 0 | M62: =SUM(M63:M64) -> 0 | ... Q62: =SUM(Q63:Q64) -> 0
E63: Base Dental | F63: 0 | G63: 0 | H63: 0 | I63: 0 | J63: 0 | K63: 0 | L63: 0 | M63: 0 | N63: 0 | O63: 0 | P63: 0 | Q63: 0
E64: Base Saúde | F64: 31 | G64: 29 | H64: 29 | I64: 29 | J64: 28 | K64: 29 | L64: 0 | M64: 0 | N64: 0 | O64: 0 | P64: 0 | Q64: 0
E65: Vidas canceladas | F65: =SUM(F68:F72) -> 0 | G65: =SUM(G68:G72) -> 2 | H65: =SUM(H68:H72) -> 0 | I65: =SUM(I68:I72) -> 0 | J65: =SUM(J68:J72) -> 0 | K65: =SUM(K68:K72) -> 0 | L65: =SUM(L68:L72) -> 0 | M65: =SUM(M68:M72) -> 0 | ... Q65: =SUM(Q68:Q72) -> 0
E66: Retenção | F66: 0 | G66: 0 | H66: 0 | I66: 0 | J66: 0 | K66: 0 | L66: 0 | M66: 0 | N66: 0 | O66: 0 | P66: 0 | Q66: 0
E67: % cancelamento | F67: =IFERROR(F65/'Relatório Indicadores 25'!Q62,0) -> 0 | G67: =IFERROR(G65/F62,0) -> 0.064516129 | H67: =IFERROR(H65/G62,0) -> 0 | I67: =IFERROR(I65/H62,0) -> 0 | J67: =IFERROR(J65/I62,0) -> 0 | K67: =IFERROR(K65/J62,0) -> 0 | L67: =IFERROR(L65/K62,0) -> 0 | M67: =IFERROR(M65/L62,0) -> 0 | N67: =IFERROR(N65/M62,0) -> 0 | ... Q67: =IFERROR(Q65/P62,0) -> 0
E68: Cancel. por Inadimplência | F68: 0 | G68: 0 | H68: 0 | I68: 0 | J68: 0 | K68: 0 | L68: 0 | M68: 0 | N68: 0 | O68: 0 | P68: 0 | Q68: 0
E69: Cancel. solicitação cliente | F69: 0 | G69: 2 | H69: 0 | I69: 0 | J69: 0 | K69: 0 | L69: 0 | M69: 0 | N69: 0 | O69: 0 | P69: 0 | Q69: 0
E70: Cancel. Solicitado OPS | F70: 0 | G70: 0 | H70: 0 | I70: 0 | J70: 0 | K70: 0 | L70: 0 | M70: 0 | N70: 0 | O70: 0 | P70: 0 | Q70: 0
E71: Óbito | F71: 0 | G71: 0 | H71: 0 | I71: 0 | J71: 0 | K71: 0 | L71: 0 | M71: 0 | N71: 0 | O71: 0 | P71: 0 | Q71: 0
E72: Outros | F72: 0 | G72: 0 | H72: 0 | I72: 0 | J72: 0 | K72: 0 | L72: 0 | M72: 0 | N72: 0 | O72: 0 | P72: 0 | Q72: 0
E73: Faturamento Emitido | F73: 48858.45 | G73: 49041.59 | H73: 48570.32 | I73: 48674.17 | J73: 43594.74 | K73: 46163.81 | L73: 0 | M73: 0 | N73: 0 | O73: 0 | P73: 0 | Q73: 0
E74: Faturamento Recebido | F74: 48858.45 | G74: 49041.59 | H74: 48570.32 | I74: 48674.17 | J74: 43594.74 | K74: 8972.69 | L74: 0 | M74: 0 | N74: 0 | O74: 0 | P74: 0 | Q74: 0
E75: Inadimplência do fechamento do mês | F75: =IFERROR((1-F74/F73),0) -> 0 | G75: =IFERROR((1-G74/G73),0) -> 0 | H75: =IFERROR((1-H74/H73),0) -> 0 | I75: =IFERROR((1-I74/I73),0) -> 0 | J75: =IFERROR((1-J74/J73),0) -> 0 | K75: =IFERROR((1-K74/K73),0) -> 0.80563368 | L75: =IFERROR((1-L74/L73),0) -> 0 | M75: =IFERROR((1-M74/M73),0) -> 0 | ... Q75: =IFERROR((1-Q74/Q73),0) -> 0
E76: Vendas | F76: 1 | G76: 0 | H76: 0 | I76: 0 | J76: 2 | K76: 1 | L76: 0 | M76: 0 | N76: 0 | O76: 0 | P76: 0 | Q76: 0
E77: Ticket médio | F77: =IFERROR(F73/F62,0) -> 1576.079 | G77: =IFERROR(G73/G62,0) -> 1691.0893 | H77: =IFERROR(H73/H62,0) -> 1674.8386 | I77: =IFERROR(I73/I62,0) -> 1678.4197 | J77: =IFERROR(J73/J62,0) -> 1556.955 | K77: =IFERROR(K73/K62,0) -> 1591.8555 | L77: =IFERROR(L73/L62,0) -> 0 | M77: =IFERROR(M73/M62,0) -> 0 | ... Q77: =IFERROR(Q73/Q62,0) -> 0
E78: Comissão Concessionárias | F78: 0 | G78: 0 | H78: 0 | I78: 0 | J78: 0 | K78: 0 | L78: 0 | M78: 0 | N78: 0 | O78: 0 | P78: 0 | Q78: 0
E79: Bonificação Corretores/supervisores | F79: 0 | G79: 0 | H79: 0 | I79: 0 | J79: 0 | K79: 0 | L79: 0 | M79: 0 | N79: 0 | O79: 0 | P79: 0 | Q79: 0
E81: Indicador | F81: Jan | G81: Fev | H81: Mar | I81: Abr | J81: Mai | K81: Jun | L81: Jul | M81: Ago | N81: Set | O81: Out | P81: Nov | Q81: Dez
E82: Meta orçada | F82: 0 | G82: 0 | H82: 0 | I82: 0 | J82: 0 | K82: 0 | L82: 0 | M82: 0 | N82: 0 | O82: 0 | P82: 0 | Q82: 0
E83: Base Vidas | F83: =SUM(F84:F85) -> 28 | G83: =SUM(G84:G85) -> 28 | H83: =SUM(H84:H85) -> 27 | I83: =SUM(I84:I85) -> 29 | J83: =SUM(J84:J85) -> 34 | K83: =SUM(K84:K85) -> 35 | L83: =SUM(L84:L85) -> 0 | M83: =SUM(M84:M85) -> 0 | ... Q83: =SUM(Q84:Q85) -> 0
E84: Base Dental | F84: 0 | G84: 0 | H84: 0 | I84: 0 | J84: 0 | K84: 0 | L84: 0 | M84: 0 | N84: 0 | O84: 0 | P84: 0 | Q84: 0
E85: Base Saúde | F85: 28 | G85: 28 | H85: 27 | I85: 29 | J85: 34 | K85: 35 | L85: 0 | M85: 0 | N85: 0 | O85: 0 | P85: 0 | Q85: 0
E86: Vidas canceladas | F86: =SUM(F89:F93) -> 0 | G86: =SUM(G89:G93) -> 0 | H86: =SUM(H89:H93) -> 3 | I86: =SUM(I89:I93) -> 0 | J86: =SUM(J89:J93) -> 0 | K86: =SUM(K89:K93) -> 0 | L86: =SUM(L89:L93) -> 0 | M86: =SUM(M89:M93) -> 0 | ... Q86: =SUM(Q89:Q93) -> 0
E87: Retenção | F87: 0 | G87: 0 | H87: 0 | I87: 0 | J87: 0 | K87: 0 | L87: 0 | M87: 0 | N87: 0 | O87: 0 | P87: 0 | Q87: 0
E88: % cancelamento | F88: =IFERROR(F86/'Relatório Indicadores 25'!Q83,0) -> 0 | G88: =IFERROR(G86/F83,0) -> 0 | H88: =IFERROR(H86/G83,0) -> 0.10714286 | I88: =IFERROR(I86/H83,0) -> 0 | J88: =IFERROR(J86/I83,0) -> 0 | K88: =IFERROR(K86/J83,0) -> 0 | L88: =IFERROR(L86/K83,0) -> 0 | M88: =IFERROR(M86/L83,0) -> 0 | N88: =IFERROR(N86/M83,0) -> 0 | ... Q88: =IFERROR(Q86/P83,0) -> 0
E89: Cancel. por Inadimplência | F89: 0 | G89: 0 | H89: 2 | I89: 0 | J89: 0 | K89: 0 | L89: 0 | M89: 0 | N89: 0 | O89: 0 | P89: 0 | Q89: 0
E90: Cancel. solicitação cliente | F90: 0 | G90: 0 | H90: 1 | I90: 0 | J90: 0 | K90: 0 | L90: 0 | M90: 0 | N90: 0 | O90: 0 | P90: 0 | Q90: 0
E91: Cancel. Solicitado OPS | F91: 0 | G91: 0 | H91: 0 | I91: 0 | J91: 0 | K91: 0 | L91: 0 | M91: 0 | N91: 0 | O91: 0 | P91: 0 | Q91: 0
E92: Óbito | F92: 0 | G92: 0 | H92: 0 | I92: 0 | J92: 0 | K92: 0 | L92: 0 | M92: 0 | N92: 0 | O92: 0 | P92: 0 | Q92: 0
E93: Outros | F93: 0 | G93: 0 | H93: 0 | I93: 0 | J93: 0 | K93: 0 | L93: 0 | M93: 0 | N93: 0 | O93: 0 | P93: 0 | Q93: 0
E94: Faturamento Emitido | F94: 25537.87 | G94: 25606.45 | H94: 26141.56 | I94: 27443.8 | J94: 32265.48 | K94: 33166.43 | L94: 0 | M94: 0 | N94: 0 | O94: 0 | P94: 0 | Q94: 0
E95: Faturamento Recebido | F95: 23571.97 | G95: 23640.55 | H95: 26141.56 | I95: 27443.8 | J95: 32265.48 | K95: 9348.86 | L95: 0 | M95: 0 | N95: 0 | O95: 0 | P95: 0 | Q95: 0
E96: Inadimplência do fechamento do mês | F96: =IFERROR((1-F95/F94),0) -> 0.076979795 | G96: =IFERROR((1-G95/G94),0) -> 0.076773625 | H96: =IFERROR((1-H95/H94),0) -> 0 | I96: =IFERROR((1-I95/I94),0) -> 0 | J96: =IFERROR((1-J95/J94),0) -> 0 | K96: =IFERROR((1-K95/K94),0) -> 0.71812281 | L96: =IFERROR((1-L95/L94),0) -> 0 | M96: =IFERROR((1-M95/M94),0) -> 0 | ... Q96: =IFERROR((1-Q95/Q94),0) -> 0
E97: Vendas | F97: 1 | G97: 0 | H97: 2 | I97: 2 | J97: 5 | K97: 1 | L97: 0 | M97: 0 | N97: 0 | O97: 0 | P97: 0 | Q97: 0
E98: Ticket médio | F98: =IFERROR(F94/F83,0) -> 912.06679 | G98: =IFERROR(G94/G83,0) -> 914.51607 | H98: =IFERROR(H94/H83,0) -> 968.20593 | I98: =IFERROR(I94/I83,0) -> 946.33793 | J98: =IFERROR(J94/J83,0) -> 948.98471 | K98: =IFERROR(K94/K83,0) -> 947.61229 | L98: =IFERROR(L94/L83,0) -> 0 | M98: =IFERROR(M94/M83,0) -> 0 | ... Q98: =IFERROR(Q94/Q83,0) -> 0
E99: Comissão Concessionárias | F99: 0 | G99: 0 | H99: 0 | I99: 0 | J99: 0 | K99: 0 | L99: 0 | M99: 0 | N99: 0 | O99: 0 | P99: 0 | Q99: 0
E100: Bonificação Corretores/supervisores | F100: 0 | G100: 0 | H100: 0 | I100: 0 | J100: 0 | K100: 0 | L100: 0 | M100: 0 | N100: 0 | O100: 0 | P100: 0 | Q100: 0
E102: Indicador | F102: Jan | G102: Fev | H102: Mar | I102: Abr | J102: Mai | K102: Jun | L102: Jul | M102: Ago | N102: Set | O102: Out | P102: Nov | Q102: Dez
E103: Meta orçada | F103: 0 | G103: 0 | H103: 0 | I103: 0 | J103: 0 | K103: 0 | L103: 0 | M103: 0 | N103: 0 | O103: 0 | P103: 0 | Q103: 0
E104: Base Vidas | F104: =SUM(F105:F106) -> 298 | G104: =SUM(G105:G106) -> 309 | H104: =SUM(H105:H106) -> 290 | I104: =SUM(I105:I106) -> 274 | J104: =SUM(J105:J106) -> 248 | K104: =SUM(K105:K106) -> 256 | L104: =SUM(L105:L106) -> 0 | M104: =SUM(M105:M106) -> 0 | ... Q104: =SUM(Q105:Q106) -> 0
E105: Base Dental | F105: 0 | G105: 0 | H105: 0 | I105: 0 | J105: 0 | K105: 0 | L105: 0 | M105: 0 | N105: 0 | O105: 0 | P105: 0 | Q105: 0
E106: Base Saúde | F106: 298 | G106: 309 | H106: 290 | I106: 274 | J106: 248 | K106: 256 | L106: 0 | M106: 0 | N106: 0 | O106: 0 | P106: 0 | Q106: 0
E107: Vidas canceladas | F107: =SUM(F110:F114) -> 15 | G107: =SUM(G110:G114) -> 21 | H107: =SUM(H110:H114) -> 37 | I107: =SUM(I110:I114) -> 30 | J107: =SUM(J110:J114) -> 39 | K107: =SUM(K110:K114) -> 6 | L107: =SUM(L110:L114) -> 0 | M107: =SUM(M110:M114) -> 0 | ... Q107: =SUM(Q110:Q114) -> 0
E108: Retenção | F108: 1 | G108: 1 | H108: 0 | I108: 0 | J108: 0 | K108: 0 | L108: 0 | M108: 0 | N108: 0 | O108: 0 | P108: 0 | Q108: 0
E109: % cancelamento | F109: =IFERROR(F107/'Relatório Indicadores 25'!Q104,0) -> 0.051903114 | G109: =IFERROR(G107/F104,0) -> 0.070469799 | H109: =IFERROR(H107/G104,0) -> 0.1197411 | I109: =IFERROR(I107/H104,0) -> 0.10344828 | J109: =IFERROR(J107/I104,0) -> 0.14233577 | K109: =IFERROR(K107/J104,0) -> 0.024193548 | L109: =IFERROR(L107/K104,0) -> 0 | M109: =IFERROR(M107/L104,0) -> 0 | N109: =IFERROR(N107/M104,0) -> 0 | ... Q109: =IFERROR(Q107/P104,0) -> 0
E110: Cancel. por Inadimplência | F110: 14 | G110: 14 | H110: 26 | I110: 11 | J110: 14 | K110: 0 | L110: 0 | M110: 0 | N110: 0 | O110: 0 | P110: 0 | Q110: 0
E111: Cancel. solicitação cliente | F111: 1 | G111: 5 | H111: 7 | I111: 19 | J111: 18 | K111: 6 | L111: 0 | M111: 0 | N111: 0 | O111: 0 | P111: 0 | Q111: 0
E112: Cancel. Solicitado OPS | F112: 0 | G112: 0 | H112: 4 | I112: 0 | J112: 7 | K112: 0 | L112: 0 | M112: 0 | N112: 0 | O112: 0 | P112: 0 | Q112: 0
E113: Óbito | F113: 0 | G113: 0 | H113: 0 | I113: 0 | J113: 0 | K113: 0 | L113: 0 | M113: 0 | N113: 0 | O113: 0 | P113: 0 | Q113: 0
...
